City Name,Tour Name,Price ($),Rating,Review Number,Web Link
Beijing,Daisho (mechanical store),57.6,4.5,309,http://you.ctrip.com/food/beijing1/8610994.html
Beijing,Beijing Quanjude (Qianmen),30.56,4.4,2716,http://you.ctrip.com/food/beijing1/4927584.html
Beijing,Donglaishun Restaurant (Wangfujing Branch),25.76,4.1,1015,http://you.ctrip.com/food/beijing1/4927596.html
Beijing,Huguosi Snack Bar (Huguosi Head Office),3.68,3.5,839,http://you.ctrip.com/food/beijing1/4936235.html
Beijing,Li Jia Cai (Deshengmen),99.2,4.5,286,http://you.ctrip.com/food/beijing1/4927691.html
Beijing,Roast Duck Restaurant (New World),19.2,4.0,594,http://you.ctrip.com/food/beijing1/4939198.html
Beijing,Niujie Street Halal Food Characteristic Street,8.0,4.5,225,http://you.ctrip.com/food/beijing1/4927614.html
Beijing,Hongyuan South Gate Shabu,15.68,4.5,1558,http://you.ctrip.com/food/beijing1/4939531.html
Beijing,Yao Ji Chao Gan Shop (Gulou shop),3.52,4.5,1652,http://you.ctrip.com/food/beijing1/4927621.html
Beijing,Sea Bowl Residence (Zengguang Road Head Office),10.72,4.5,1431,http://you.ctrip.com/food/beijing1/157902.html
Beijing,Qingfeng Baozipu (Yuetan Shop),2.72,4.5,1047,http://you.ctrip.com/food/beijing1/4935770.html
Beijing,Blasting belly von (1796 Feast House),10.4,3.5,328,http://you.ctrip.com/food/beijing1/4927651.html
Beijing,Old Ciqikou bean juice shop (Tiantan shop),2.4,4.5,363,http://you.ctrip.com/food/beijing1/4927622.html
Beijing,Wenyu Cheese Shop,2.72,4.5,716,http://you.ctrip.com/food/beijing1/4937346.html
Beijing,Liqun roast duck restaurant,25.76,3.5,239,http://you.ctrip.com/food/beijing1/4936560.html
Shanghai,Xiao Yang Sheng Jian (Yellow River Road),3.04,4.0,1918,http://you.ctrip.com/food/shanghai2/400499.html
Shanghai,Old Shanghai Hotel,21.76,3.5,2259,http://you.ctrip.com/food/shanghai2/4926708.html
Shanghai,Cheng Long Xing Crab Palace (Nanjing East Road Branch),80.0,5.0,2274,http://you.ctrip.com/food/shanghai2/306172.html
Shanghai,Meilong Town Restaurant (Head Office),27.04,4.0,688,http://you.ctrip.com/food/shanghai2/4994077.html
Shanghai,Paul Restaurant,16.8,4.0,762,http://you.ctrip.com/food/shanghai2/4926751.html
Shanghai,Nanxiang Shantou Store,11.04,4.1,2332,http://you.ctrip.com/food/shanghai2/4926728.html
Shanghai,Lao Zhengxing Restaurant (Fuzhou Road),20.0,3.5,556,http://you.ctrip.com/food/shanghai2/4927210.html
Shanghai,Wangjiasha Dim Sum (Nanjing West Road Branch),5.6,4.5,1192,http://you.ctrip.com/food/shanghai2/456230.html
Shanghai,Shen Dacheng (Nanjing East Road),3.68,3.5,445,http://you.ctrip.com/food/shanghai2/4926688.html
Shanghai,Dexing Hall (Guangdong Road Branch),4.64,3.5,1654,http://you.ctrip.com/food/shanghai2/314198.html
Shanghai,Green Wave Gallery (Yuyuan Road Branch),25.6,4.0,792,http://you.ctrip.com/food/shanghai2/418669.html
Shanghai,Old Jioshi Restaurant (Tianping Road Branch),28.16,4.0,602,http://you.ctrip.com/food/shanghai2/4926854.html
Shanghai,Ruby (Wujiang shop),2.56,4.0,451,http://you.ctrip.com/food/shanghai2/4999590.html
Shanghai,Jia Jia Tang Bao,5.92,4.4,225,http://you.ctrip.com/food/shanghai2/4995591.html
Shanghai,Lang Yi Restaurant (Grand Plaza Mall),26.88,4.0,747,http://you.ctrip.com/food/shanghai2/305164.html
Guangzhou,Nanxin Milk Desserts Specialist,3.84,4.0,1738,http://you.ctrip.com/food/guangzhou152/4927086.html
Guangzhou,Yinji Ginger Restaurant (Shangjiu Road),2.88,4.0,1137,http://you.ctrip.com/food/guangzhou152/4927083.html
Guangzhou,Tao Tao Ju (The 10th Shop),11.52,4.0,659,http://you.ctrip.com/food/guangzhou152/444058.html
Guangzhou,Guangzhou Restaurant (Wenchang Head Office),16.96,4.0,1999,http://you.ctrip.com/food/guangzhou152/444379.html
Guangzhou,Chen Tim (15 Fen Sanxiang Shop),3.52,4.0,1881,http://you.ctrip.com/food/guangzhou152/442537.html
Guangzhou,Da Yang original stew products (Civil Road shop),2.4,4.0,234,http://you.ctrip.com/food/guangzhou152/446573.html
Guangzhou,Shun Kee Ice House,3.36,3.5,310,http://you.ctrip.com/food/guangzhou152/4927090.html
Guangzhou,Baohua Noodle Shop,4.48,3.5,840,http://you.ctrip.com/food/guangzhou152/4927182.html
Guangzhou,Wu Department Tea Restaurant,14.08,4.0,410,http://you.ctrip.com/food/guangzhou152/4927099.html
Guangzhou,Lin Xiang House (The 10th Shop),10.56,3.5,149,http://you.ctrip.com/food/guangzhou152/443279.html
Guangzhou,Yan Xi Restaurant,13.6,4.0,635,http://you.ctrip.com/food/guangzhou152/444374.html
Guangzhou,South Park Restaurant,14.56,4.5,349,http://you.ctrip.com/food/guangzhou152/444378.html
Guangzhou,Flower shop,2.24,4.2,270,http://you.ctrip.com/food/guangzhou152/446734.html
Guangzhou,Bingsheng taste (Haiyin Head Office),18.4,4.0,817,http://you.ctrip.com/food/guangzhou152/4927154.html
Guangzhou,Wu Caiji noodles,2.72,4.0,176,http://you.ctrip.com/food/guangzhou152/5324880.html
Hangzhou,Zhi Zhi Guan (Lakeside Head Office),12.0,3.5,2519,http://you.ctrip.com/food/hangzhou14/5140504.html
Hangzhou,Kui Yuan Museum (Jiefang Road Head Office),7.2,4.0,1217,http://you.ctrip.com/food/hangzhou14/253643.html
Hangzhou,Hangzhou Restaurant (Yan&#39;an Road),13.76,3.5,2733,http://you.ctrip.com/food/hangzhou14/5153268.html
Hangzhou,Can&#39;t bite Gaozu Fried (Gaoyin Street),3.04,3.5,1225,http://you.ctrip.com/food/hangzhou14/253653.html
Hangzhou,Grandma Home (Hangzhou Hubin Branch),11.36,4.5,2579,http://you.ctrip.com/food/hangzhou14/4927382.html
Hangzhou,Building outside,27.04,3.5,1768,http://you.ctrip.com/food/hangzhou14/240869.html
Hangzhou,Glam Mountain House Premium Restaurant,89.12,5.0,347,http://you.ctrip.com/food/hangzhou14/5142462.html
Hangzhou,Hyatt Hotel Hangzhou Hubin 28 Chinese Restaurant,80.8,4.5,224,http://you.ctrip.com/food/hangzhou14/455645.html
Hangzhou,New White Deer Restaurant (West Lake Yintai Branch),8.8,4.0,2349,http://you.ctrip.com/food/hangzhou14/4927423.html
Hangzhou,West Lake Four Seasons Hotel Jinsha Hall,101.12,5.0,227,http://you.ctrip.com/food/hangzhou14/5143223.html
Hangzhou,In the kitchen (Manchu Guiyu shop),12.8,4.5,289,http://you.ctrip.com/food/hangzhou14/5142956.html
Hangzhou,Shan Wai Shan Restaurant (Yuquan Road),21.6,4.0,473,http://you.ctrip.com/food/hangzhou14/5140558.html
Hangzhou,Longjing Restaurant,22.88,4.5,482,http://you.ctrip.com/food/hangzhou14/240882.html
Hangzhou,Xinfeng Snacks (Kingchun Branch),2.24,4.4,214,http://you.ctrip.com/food/hangzhou14/5140637.html
Hangzhou,Zhiweiguan·Weizhuang (Yanggongdi Shop),23.68,4.0,1763,http://you.ctrip.com/food/hangzhou14/253628.html
Sanya,Sichuan Moustache Seafood Restaurant (First Market Head Office),21.6,4.7,4529,http://you.ctrip.com/food/sanya61/132063.html
Sanya,First market,24.0,4.5,1685,http://you.ctrip.com/food/sanya61/4926478.html
Sanya,Rong Ming Seafood,15.2,4.5,3071,http://you.ctrip.com/food/sanya61/5611371.html
Sanya,Yalong Bay Mangrove Tree Resort Thai Restaurant,41.76,4.5,491,http://you.ctrip.com/food/sanya61/131958.html
Sanya,Xiaomi Kawaji Seafood Processing Shop (First Market Store),18.4,5.0,2885,http://you.ctrip.com/food/sanya61/4927336.html
Sanya,Alang Seafood Processing Shop (First Market),20.8,4.5,3258,http://you.ctrip.com/food/sanya61/6935961.html
Sanya,Picking House (Seaview Garden Shop),14.56,4.2,185,http://you.ctrip.com/food/sanya61/4927275.html
Sanya,Chongqing Yingjie Seafood Processing (First Market Head Office),15.68,5.0,2285,http://you.ctrip.com/food/sanya61/5611101.html
Sanya,Lin Jie Seafood (First Market Head Office),25.12,4.5,3072,http://you.ctrip.com/food/sanya61/132042.html
Sanya,Jinmao Sanya Ritz-Carlton Runyuan Chinese Restaurant,57.12,5.0,145,http://you.ctrip.com/food/sanya61/132297.html
Sanya,Weihai Wenchang bad vinegar seafood processing shop (first...,22.24,5.0,1023,http://you.ctrip.com/food/sanya61/492394.html
Sanya,Flower sister good to come again seafood processing shop (head office),22.08,5.0,3573,http://you.ctrip.com/food/sanya61/5611058.html
Sanya,Wu Xiaopeng Seafood Processing Shop,18.88,5.0,2160,http://you.ctrip.com/food/sanya61/5611046.html
Sanya,Three sisters seafood processing shop,15.68,4.9,2052,http://you.ctrip.com/food/sanya61/9409767.html
Sanya,Haikuo Sky Thai Restaurant,42.24,4.5,152,http://you.ctrip.com/food/sanya61/131981.html
Chengdu,Yi Jiuxiang Hot Pot Restaurant (Rainbow Shop),19.36,4.5,1897,http://you.ctrip.com/food/chengdu104/4925794.html
Chengdu,Chenma Po Tofu (Gengma City),8.0,3.5,585,http://you.ctrip.com/food/chengdu104/5233332.html
Chengdu,Wide sitting (wide alley shop),30.08,4.5,246,http://you.ctrip.com/food/chengdu104/5234717.html
Chengdu,West Moon City Tan Dou Hua. Small Tan Dou Hua (West shop),2.4,4.5,481,http://you.ctrip.com/food/chengdu104/4926304.html
Chengdu,Tongzikou Zhang Laoliang jelly,1.92,4.0,226,http://you.ctrip.com/food/chengdu104/5233829.html
Chengdu,Huangcheng Mom (Huangcheng Branch),24.48,4.5,443,http://you.ctrip.com/food/chengdu104/342650.html
Chengdu,Shuangliu Mama Rabbit Head (Wenshuyuan Store),8.0,4.0,162,http://you.ctrip.com/food/chengdu104/5234912.html
Chengdu,Da Miao Hot Pot (Jinli Branch),26.4,4.5,138,http://you.ctrip.com/food/chengdu104/341850.html
Chengdu,Old Pier Hot Pot (Yulin shop),18.4,5.0,194,http://you.ctrip.com/food/chengdu104/5283834.html
Chengdu,Wide Alley 3,72.32,4.0,299,http://you.ctrip.com/food/chengdu104/337131.html
Chengdu,Li Changqing Three Guns (Jinli Branch),1.6,4.2,106,http://you.ctrip.com/food/chengdu104/5235383.html
Chengdu,Zhang Fei Beef (Jinli Branch),4.8,4.2,94,http://you.ctrip.com/food/chengdu104/5234470.html
Chengdu,Beautiful flowers,37.44,4.1,70,http://you.ctrip.com/food/chengdu104/5236349.html
Chengdu,Red Star Rabbit Ding (Wu Hou Yi),4.48,4.5,282,http://you.ctrip.com/food/chengdu104/4926032.html
Chengdu,Yulin Chuanchuan Xiang (Yulin Head Office),11.84,3.5,50,http://you.ctrip.com/food/chengdu104/5283856.html
Xiamen,Small glasses stall (Huicheng headquarters),15.2,4.5,2419,http://you.ctrip.com/food/xiamen21/319750.html
Xiamen,Huang Zehe (Zhongshan Road),3.84,3.5,1229,http://you.ctrip.com/food/xiamen21/319796.html
Xiamen,Changsan Crazy Milk Tea Shop (Heart Street Park),3.36,3.5,835,http://you.ctrip.com/food/xiamen21/308579.html
Xiamen,1980 Yakiniku (Zhongshan Road),3.52,4.0,858,http://you.ctrip.com/food/xiamen21/319441.html
Xiamen,Lujiang Hotel Guanhai Restaurant,18.08,5.0,592,http://you.ctrip.com/food/xiamen21/325264.html
Xiamen,Ukrainian tea noodles,5.92,4.0,769,http://you.ctrip.com/food/xiamen21/317925.html
Xiamen,Kaiyuan 141 seafood stall (beware of counterfeiting),13.92,4.0,419,http://you.ctrip.com/food/xiamen21/319858.html
Xiamen,Miss Zhao&#39;s shop,8.64,4.5,820,http://you.ctrip.com/food/xiamen21/322869.html
Xiamen,Dazhongsha tea noodles,3.36,3.8,221,http://you.ctrip.com/food/xiamen21/4926308.html
Xiamen,Gulangyu® Pie (1 shop),8.96,4.5,134,http://you.ctrip.com/food/xiamen21/5161883.html
Xiamen,Lotus Huanhai Fried,2.88,4.0,461,http://you.ctrip.com/food/xiamen21/319781.html
Xiamen,Tianhe West Gate Earthen Frozen,3.36,4.0,204,http://you.ctrip.com/food/xiamen21/4926278.html
Xiamen,Zhen Zhen Jiang Mu Duck Seafood (Zeng Jie Old Shop),14.24,4.5,201,http://you.ctrip.com/food/xiamen21/4926391.html
Xiamen,Yip&#39;s palsy (gulangyu shop),1.28,3.5,259,http://you.ctrip.com/food/xiamen21/319760.html
Xiamen,Mother-in-law is burning grass (Longtou Road),0.96,4.4,245,http://you.ctrip.com/food/xiamen21/4925948.html
Guilin,Kee Kee Goose (Zhongshan Branch),11.68,5.0,2892,http://you.ctrip.com/food/guilin28/126233.html
Guilin,Agan Restaurant (Zhongshan Middle Road Branch),11.36,4.0,551,http://you.ctrip.com/food/guilin28/126103.html
Guilin,MANGO Mango Bang (Shop 7),2.88,4.5,74,http://you.ctrip.com/food/guilin28/5578100.html
Guilin,Minori Nankoku (civilization store),9.92,4.5,682,http://you.ctrip.com/food/guilin28/4926084.html
Guilin,Fangfang Locust Powder (Ruijiang Road Branch),1.92,4.0,511,http://you.ctrip.com/food/guilin28/5577959.html
Guilin,Huang Kee Corn Juice (Ping Cui Road Branch),1.12,4.0,102,http://you.ctrip.com/food/guilin28/453327.html
Guilin,Weixiang Museum,10.08,3.8,357,http://you.ctrip.com/food/guilin28/4926104.html
Guilin,Ma Yingpiao Shop (Fuqian Lane Shop),10.4,4.6,118,http://you.ctrip.com/food/guilin28/5577840.html
Guilin,Laogan Farm Hotel,8.64,4.0,178,http://you.ctrip.com/food/guilin28/126237.html
Guilin,Ayuan roast goose,7.68,4.0,111,http://you.ctrip.com/food/guilin28/126186.html
Guilin,With the same rice noodles (Tie West shop),1.28,4.0,83,http://you.ctrip.com/food/guilin28/5577731.html
Guilin,Skinny Guilin Rice Noodle Shop,1.28,4.0,64,http://you.ctrip.com/food/guilin28/5577488.html
Guilin,Ma Tsai Fish Shop (Yangshuo Head Office),10.72,4.4,100,http://you.ctrip.com/food/guilin28/4926348.html
Guilin,Sea Sky Powder,1.28,4.0,62,http://you.ctrip.com/food/guilin28/5577644.html
Guilin,Kee Kee Goose (Yangshuo Store),11.04,5.0,1484,http://you.ctrip.com/food/guilin28/5584939.html
Lhasa,Maggie Amish Dining Bar,14.24,3.5,363,http://you.ctrip.com/food/lhasa36/231739.html
Lhasa,Bright Harbor Joan Sweet Tea House,0.96,4.0,315,http://you.ctrip.com/food/lhasa36/230851.html
Lhasa,Snowland Restaurant (Danjerin Road),9.28,4.0,302,http://you.ctrip.com/food/lhasa36/231166.html
Lhasa,Previous station Yak yogurt workshop,3.2,4.0,94,http://you.ctrip.com/food/lhasa36/230857.html
Lhasa,Na Masade Restaurant (Yu Tuo Road),9.12,4.5,271,http://you.ctrip.com/food/lhasa36/231171.html
Lhasa,Gangje Restaurant,6.24,3.8,185,http://you.ctrip.com/food/lhasa36/231287.html
Lhasa,Tibetan Feast (Unite Xincun Branch),15.84,4.5,71,http://you.ctrip.com/food/lhasa36/4925755.html
Lhasa,Lamu Folk Tibetan Restaurant,12.64,4.4,35,http://you.ctrip.com/food/lhasa36/231804.html
Lhasa,Auspicious Holy Snow Tibetan meal,10.88,5.0,39,http://you.ctrip.com/food/lhasa36/7528716.html
Lhasa,Nepal Snow Lotus Restaurant,12.16,3.6,25,http://you.ctrip.com/food/lhasa36/7527230.html
Lhasa,Andorno adds Tibetan food (a branch),11.84,4.0,24,http://you.ctrip.com/food/lhasa36/7528793.html
Lhasa,Pobakura - Performing Arts Restaurant,15.52,4.0,24,http://you.ctrip.com/food/lhasa36/7529222.html
Lhasa,Feng Rui stone pot chicken,16.32,5.0,25,http://you.ctrip.com/food/lhasa36/7524182.html
Lhasa,Old Lhasa porridge workshop,7.2,3.1,52,http://you.ctrip.com/food/lhasa36/230867.html
Lhasa,Tamura and pickled bamboo shoot chicken (Deji branch road shop),8.48,4.5,28,http://you.ctrip.com/food/lhasa36/12884175.html
Ili,Xiyu Old Huimin Restaurant (Jiefang Road),18.56,4.7,12,http://you.ctrip.com/food/yili115/11340623.html
Ili,Yili Food City,,4.5,11,http://you.ctrip.com/food/yili115/9396912.html
Ili,Sunny Island Eco Restaurant,,4.6,10,http://you.ctrip.com/food/yili115/12212584.html
Ili,Paris Belle Bakeries (Jiangnan Chuncheng Branch),6.08,4.0,9,http://you.ctrip.com/food/yili115/11328401.html
Ili,Yangpai Cake (Sanyang Huayuan Branch),1.92,4.6,29,http://you.ctrip.com/food/yili115/11364534.html
Ili,De Keshi (Tianbai),2.4,4.2,32,http://you.ctrip.com/food/yili115/11394098.html
Ili,Lamb Dumplings,10.56,4.7,15,http://you.ctrip.com/food/yili115/13602884.html
Ili,Ellerskill,8.0,3.8,8,http://you.ctrip.com/food/yili115/228832.html
Ili,Xinsui Food,,4.9,4,http://you.ctrip.com/food/yili115/6997269.html
Ili,Fengguyuan Pilaf (Khorgos Branch),,4.7,6,http://you.ctrip.com/food/yili115/13421613.html
Ili,Xiaobai catering Dongxiang hand grab lamb gourmet village,8.48,5.0,8,http://you.ctrip.com/food/yili115/16161425.html
Ili,Horgos in May of Horgos City catches hotel,5.28,5.0,7,http://you.ctrip.com/food/yili115/16161439.html
Ili,On The Island Coffee (Kuitun Shop),8.48,4.4,6,http://you.ctrip.com/food/yili115/11606994.html
Ili,Xiao Ke Quan Niu Tang Guo (Kuitun Store),10.24,4.4,7,http://you.ctrip.com/food/yili115/11607017.html
Ili,Heated Mujiang Noodle King,,3.5,2,http://you.ctrip.com/food/yili115/7631717.html
Qingdao,Boat Song Fish Dumplings (Qujiang Road Branch),13.92,5.0,1274,http://you.ctrip.com/food/qingdao5/5058125.html
Qingdao,Yiqinglou Seafood Giant (Ningxia Road Branch),29.76,4.5,442,http://you.ctrip.com/food/qingdao5/4927858.html
Qingdao,Qijiang Road - Yunxiao Road Food Street,19.84,4.1,281,http://you.ctrip.com/food/qingdao5/4927850.html
Qingdao,Kowloon Restaurant (Old Road No. 4),9.44,4.5,663,http://you.ctrip.com/food/qingdao5/5057173.html
Qingdao,Island Fishing Village Hotel Yunxiao Road Branch,16.8,4.5,581,http://you.ctrip.com/food/qingdao5/4927861.html
Qingdao,Unnamed snacks,8.64,4.0,186,http://you.ctrip.com/food/qingdao5/443385.html
Qingdao,Wanhechun Ribs Casserole Rice (Taitung Ba Road Branch),3.68,4.0,295,http://you.ctrip.com/food/qingdao5/5544782.html
Qingdao,Seaview Garden Hotel Western Restaurant,40.96,4.0,103,http://you.ctrip.com/food/qingdao5/5066602.html
Qingdao,Weichai old courtyard Jiangning hall,12.64,4.1,95,http://you.ctrip.com/food/qingdao5/443235.html
Qingdao,Wang Ji Bone Treasure House (Yuen Wo Road),9.6,5.0,282,http://you.ctrip.com/food/qingdao5/5057140.html
Qingdao,Kaihai Red Island Seafood Dumplings (Xin Zhan Road),24.96,5.0,405,http://you.ctrip.com/food/qingdao5/5061485.html
Qingdao,A cup of sea,11.68,4.5,58,http://you.ctrip.com/food/qingdao5/5057524.html
Qingdao,Medal BBQ Seafood Home Cooking (Zhongshan Road),7.52,4.0,174,http://you.ctrip.com/food/qingdao5/66464.html
Qingdao,Xiang Yu Fan Ji Seafood,13.6,4.5,43,http://you.ctrip.com/food/qingdao5/5057627.html
Qingdao,Double Garden Dumplings (Shangqing Road Flagship Store),9.92,5.0,259,http://you.ctrip.com/food/qingdao5/5545044.html
Jinan,Seongnam Theme Restaurant (Dongwaihuan),12.32,4.5,328,http://you.ctrip.com/food/jinan128/5274687.html
Jinan,Palace Yong Hua Ju Restaurant,33.92,4.0,130,http://you.ctrip.com/food/jinan128/5274042.html
Jinan,Yan Fu Private Kitchen (Hang Lung Plaza),13.28,4.5,719,http://you.ctrip.com/food/jinan128/5275469.html
Jinan,Chunjiang Hotel (Chongqing Tuan Road Main Branch),9.76,3.5,341,http://you.ctrip.com/food/jinan128/5272929.html
Jinan,Furong Street,4.8,4.4,128,http://you.ctrip.com/food/jinan128/8646271.html
Jinan,Grass bag bun shop (Puli Street Branch),4.0,4.0,446,http://you.ctrip.com/food/jinan128/5272860.html
Jinan,Min Kee Noodle Restaurant (Furong Street),2.24,3.5,168,http://you.ctrip.com/food/jinan128/5273366.html
Jinan,Golden Three Cups Restaurant (West Gate Store),15.2,4.5,157,http://you.ctrip.com/food/jinan128/5272792.html
Jinan,苓 鸭 鸭 血 Blood Fans (Feirong Street),2.88,4.2,81,http://you.ctrip.com/food/jinan128/160504.html
Jinan,Small Town Story (Thousand Buddha Shop),9.6,4.4,49,http://you.ctrip.com/food/jinan128/5273148.html
Jinan,Bartender,16.8,4.5,148,http://you.ctrip.com/food/jinan128/5273748.html
Jinan,Jin Chunxi (Heroic Mountain Road Flagship Store),10.24,5.0,81,http://you.ctrip.com/food/jinan128/5272854.html
Jinan,Shabu Shabu Seafood Buffet (Shimao Shop),11.2,4.5,594,http://you.ctrip.com/food/jinan128/5283361.html
Jinan,Songguo Western Restaurant (Shan Shi),15.04,4.5,113,http://you.ctrip.com/food/jinan128/186180.html
Jinan,Mei Fei Restaurant,9.28,4.5,64,http://you.ctrip.com/food/jinan128/5273052.html
Chongqing,Chen Jianping Old Street Chen Twist,4.32,4.0,691,http://you.ctrip.com/food/chongqing158/344268.html
Chongqing,Eighty-one delicious street,6.4,3.5,1197,http://you.ctrip.com/food/chongqing158/4926901.html
Chongqing,Qi Qi Hot Pot (Jiefangbei Store),12.8,4.5,836,http://you.ctrip.com/food/chongqing158/5415488.html
Chongqing,Flower Market Bean Noodle (Chongqing Head Office),2.4,4.0,653,http://you.ctrip.com/food/chongqing158/344272.html
Chongqing,Wu Chaoshou (Zhonghua Road),2.88,3.0,272,http://you.ctrip.com/food/chongqing158/4926722.html
Chongqing,Liu Yishou Hot Pot (Guanyin Bridge),13.6,4.5,202,http://you.ctrip.com/food/chongqing158/4926948.html
Chongqing,Ramie copy hand (Hongyadong shop),2.4,4.5,158,http://you.ctrip.com/food/chongqing158/5416120.html
Chongqing,Good to hot and sour powder (Bayi Road Head Office),1.28,3.5,758,http://you.ctrip.com/food/chongqing158/4926742.html
Chongqing,Chongqing Qinma Hot Pot (Nanbin Road Branch),10.56,3.8,50,http://you.ctrip.com/food/chongqing158/5415174.html
Chongqing,Liao Ke Bang Bang Chicken (Nanping Dong Road Branch),2.72,3.5,74,http://you.ctrip.com/food/chongqing158/4926793.html
Chongqing,Mountain City Meat Restaurant,10.08,4.0,261,http://you.ctrip.com/food/chongqing158/330940.html
Chongqing,Dezhuang Hot Pot (Sanxia Square),15.04,4.4,181,http://you.ctrip.com/food/chongqing158/4926849.html
Chongqing,Eighteen-step glasses (Yizhong shop),4.32,4.4,166,http://you.ctrip.com/food/chongqing158/4926817.html
Chongqing,Maozhuang Ancient Town Chicken,6.24,4.0,114,http://you.ctrip.com/food/chongqing158/5415340.html
Chongqing,Dust,16.0,5.0,267,http://you.ctrip.com/food/chongqing158/5425543.html
Aba,Jiulixiang,11.52,5.0,434,http://you.ctrip.com/food/aba744/455287.html
Aba,Small cloth snack,8.8,4.5,196,http://you.ctrip.com/food/aba744/4925710.html
Aba,Veterans barbecue - Jiuzhai characteristics,13.12,5.0,103,http://you.ctrip.com/food/aba744/5631149.html
Aba,Alibaba Tibetan Barbecue,14.72,5.0,39,http://you.ctrip.com/food/aba744/5630524.html
Aba,Tibetan dishes,10.4,4.5,40,http://you.ctrip.com/food/aba744/6984892.html
Aba,Sichuan cuisine people,9.44,4.9,37,http://you.ctrip.com/food/aba744/5631384.html
Aba,Nuorilang Restaurant,9.6,4.1,40,http://you.ctrip.com/food/aba744/7001294.html
Aba,Sheraton Jiuzhaigou International Hotel Chinese Restaurant,20.48,4.0,42,http://you.ctrip.com/food/aba744/5630083.html
Aba,Jiuzhai Paradise Buffet,26.56,3.8,41,http://you.ctrip.com/food/aba744/136857.html
Aba,Nuorilang Tourist Service Center,8.8,3.8,98,http://you.ctrip.com/food/aba744/4925671.html
Aba,Local Sichuan Restaurant,8.16,4.7,30,http://you.ctrip.com/food/aba744/12019863.html
Aba,Abu Tibetan Restaurant (Jiuzhaigou),17.12,4.6,21,http://you.ctrip.com/food/aba744/6984931.html
Aba,Yugaihodo,9.28,5.0,39,http://you.ctrip.com/food/aba744/5631116.html
Aba,Xianglu Restaurant,13.92,4.5,310,http://you.ctrip.com/food/aba744/5630159.html
Aba,Kitchenette,10.24,4.9,24,http://you.ctrip.com/food/aba744/9448147.html
Hong Kong,The nine calves,8.0,4.5,1576,http://you.ctrip.com/food/hongkong38/4925853.html
Hong Kong,Tsui Wah Restaurant (Cana Fen Road),11.2,4.5,1041,http://you.ctrip.com/food/hongkong38/4926517.html
Hong Kong,Australian Dairy Company,6.4,4.0,932,http://you.ctrip.com/food/hongkong38/452409.html
Hong Kong,Hi Kei Crab General,59.84,4.5,163,http://you.ctrip.com/food/hongkong38/5598821.html
Hong Kong,Sugar Dynasty,12.8,4.0,225,http://you.ctrip.com/food/hongkong38/6946676.html
Hong Kong,Tim Ho Wan Dim Sum Shop (Sham Shui Po),9.12,4.5,395,http://you.ctrip.com/food/hongkong38/6946600.html
Hong Kong,One Ramen (Causeway Bay),16.96,5.0,464,http://you.ctrip.com/food/hongkong38/6946697.html
Hong Kong,Hui Liu Shan (Argyle Street),9.12,4.5,208,http://you.ctrip.com/food/hongkong38/452381.html
Hong Kong,Fei Jie Snack Shop,3.52,4.0,316,http://you.ctrip.com/food/hongkong38/5590399.html
Hong Kong,Daoxiang (Star House),12.0,4.5,336,http://you.ctrip.com/food/hongkong38/6946683.html
Hong Kong,"Yishun Dairy Co., Ltd. (Causeway Bay Lockhart Rd.)",5.12,4.0,856,http://you.ctrip.com/food/hongkong38/4925900.html
Hong Kong,Chi Kei (Tsim Sha Tsui Branch),10.88,4.5,411,http://you.ctrip.com/food/hongkong38/5598517.html
Hong Kong,Tsui Wah Restaurant (Causeway Bay),11.52,4.4,304,http://you.ctrip.com/food/hongkong38/4926585.html
Hong Kong,Lee Kee Kee North Point Egg Tsai (Nathan Road Shop),3.04,4.5,206,http://you.ctrip.com/food/hongkong38/452361.html
Hong Kong,He Hong Ji (Hsi Shen Plaza),18.4,5.0,566,http://you.ctrip.com/food/hongkong38/6946633.html
Taipei,Shang cited aquatic products,26.56,5.0,460,http://you.ctrip.com/food/taipeicity360/500002.html
Taipei,Yongkang Beef Noodles (Jinshan South Road Head Office),7.84,4.5,672,http://you.ctrip.com/food/taipeicity360/4926335.html
Taipei,Azong noodle line (Ximending shop),1.76,4.5,403,http://you.ctrip.com/food/taipeicity360/4926338.html
Taipei,Lin Dongfang Beef Noodles,6.4,4.5,568,http://you.ctrip.com/food/taipeicity360/4926343.html
Taipei,Din Tai Fung (Xinyi Road),12.64,5.0,198,http://you.ctrip.com/food/taipeicity360/6945593.html
Taipei,Shilin Night Market,11.52,4.1,587,http://you.ctrip.com/food/taipeicity360/4927607.html
Taipei,Cow shop,7.36,4.5,144,http://you.ctrip.com/food/taipeicity360/6945720.html
Taipei,Dining cafeteria,12.0,5.0,190,http://you.ctrip.com/food/taipeicity360/6936426.html
Taipei,Hot Hill (Taipei Minsheng Park Branch),14.24,5.0,210,http://you.ctrip.com/food/taipeicity360/4926296.html
Taipei,Goodie Pastry,10.56,5.0,217,http://you.ctrip.com/food/taipeicity360/4926316.html
Taipei,Ding Tai-yu (101 stores),15.36,5.0,812,http://you.ctrip.com/food/taipeicity360/452877.html
Taipei,Hizen&#39;s place,9.92,4.5,210,http://you.ctrip.com/food/taipeicity360/4926369.html
Taipei,Ding Xian 101 Food Scenery Restaurant,83.68,4.6,87,http://you.ctrip.com/food/taipeicity360/6945564.html
Taipei,Li Ji Kee Cake Shop,28.16,4.5,185,http://you.ctrip.com/food/taipeicity360/6945653.html
Taipei,Hot spicy spicy hot pot (Ximen shop),23.52,4.5,122,http://you.ctrip.com/food/taipeicity360/11654333.html
Gaoxiong,Zheng old papaya milk,1.6,4.5,404,http://you.ctrip.com/food/gaoxiong756/4926749.html
Gaoxiong,Dingwang Spicy Pot (Kaohsiung Qixian Shop),24.16,5.0,122,http://you.ctrip.com/food/gaoxiong756/8900030.html
Gaoxiong,Zhengzhong Ribs Rice (Zhongshan Branch),2.72,5.0,90,http://you.ctrip.com/food/gaoxiong756/473063.html
Gaoxiong,Wu Baochun Maifang Store (Kaohsiung Store),9.44,5.0,118,http://you.ctrip.com/food/gaoxiong756/500083.html
Gaoxiong,Hong Kong Garden Beef Noodles (Yansheng Branch),4.96,5.0,173,http://you.ctrip.com/food/gaoxiong756/8853913.html
Gaoxiong,Nanfeng Lu Pork,1.92,4.5,129,http://you.ctrip.com/food/gaoxiong756/6983231.html
Gaoxiong,Grill House,3.68,4.5,85,http://you.ctrip.com/food/gaoxiong756/6983248.html
Gaoxiong,Ferry head sea ice,1.76,3.5,192,http://you.ctrip.com/food/gaoxiong756/6977732.html
Gaoxiong,Taiwan&#39;s First Salted Chicken (Zhongxiao Night Market),5.44,4.0,42,http://you.ctrip.com/food/gaoxiong756/8879092.html
Gaoxiong,Tai Tei Bento Benpu (New Zuoying Branch),3.04,4.5,66,http://you.ctrip.com/food/gaoxiong756/8879154.html
Gaoxiong,Kaohsiung Supreme Pork Bone Ramen,2.56,4.2,49,http://you.ctrip.com/food/gaoxiong756/6992742.html
Gaoxiong,Viger Bakery (Kaohsiung Store),66.08,4.0,44,http://you.ctrip.com/food/gaoxiong756/8853219.html
Gaoxiong,Diamond Diamond Night Market,4.0,3.3,26,http://you.ctrip.com/food/gaoxiong756/6978112.html
Gaoxiong,Du Xiaoyue (Wenheng 2nd Road),5.6,3.3,95,http://you.ctrip.com/food/gaoxiong756/4926805.html
Gaoxiong,e Douzan boneless chicken feet frozen,5.44,4.0,49,http://you.ctrip.com/food/gaoxiong756/8853560.html
Macau,Andrew Bakery (Grand Canal Shop),3.52,4.6,757,http://you.ctrip.com/food/macau39/4927518.html
Macau,Margaret Egg Tart (Shin Ma Road),3.68,4.5,740,http://you.ctrip.com/food/macau39/5607718.html
Macau,Dumbo Portuguese national meals,22.24,4.5,501,http://you.ctrip.com/food/macau39/456331.html
Macau,Bamboo Buffet,22.56,5.0,202,http://you.ctrip.com/food/macau39/5608145.html
Macau,Huang Zhiji (Shenzhen Tingqian Shop),8.64,4.5,528,http://you.ctrip.com/food/macau39/5607740.html
Macau,"Yishun Dairy Co., Ltd. (Old Xinma Road)",4.8,4.4,410,http://you.ctrip.com/food/macau39/4927514.html
Macau,Adding bowl bowl wing food,12.64,4.5,330,http://you.ctrip.com/food/macau39/5607936.html
Macau,8 restaurants,125.28,5.0,226,http://you.ctrip.com/food/macau39/500108.html
Macau,Olympic buffet,29.28,4.5,145,http://you.ctrip.com/food/macau39/11642572.html
Macau,Ming Kee Beef Cuisine,6.24,4.0,187,http://you.ctrip.com/food/macau39/5608031.html
Macau,Tao Tao Ju Seafood Hot Pot Restaurant,55.68,4.5,193,http://you.ctrip.com/food/macau39/4935345.html
Macau,Mo Yiji,4.96,4.0,385,http://you.ctrip.com/food/macau39/456329.html
Macau,Lafayette Cake Shop,4.0,4.5,118,http://you.ctrip.com/food/macau39/5607716.html
Macau,Chengchang Hotel,18.72,3.5,192,http://you.ctrip.com/food/macau39/5607734.html
Macau,钜记手信,6.24,4.0,110,http://you.ctrip.com/food/macau39/6946275.html
Hulunbeier,Lubri Restaurant (Head Office),14.72,5.0,23,http://you.ctrip.com/food/hulunbeier458/15142846.html
Hulunbeier,Nomin Tara Tea House (Hua Lian Commercial Building),11.04,3.6,84,http://you.ctrip.com/food/hulunbeier458/4928204.html
Hulunbeier,Fungus original health theme hot pot (Hexi shop),14.56,5.0,15,http://you.ctrip.com/food/hulunbeier458/15142833.html
Hulunbeier,Bayan Khan Restaurant,10.56,4.7,28,http://you.ctrip.com/food/hulunbeier458/13310768.html
Hulunbeier,Ulegji Sheep Dung Fire Homemade Shabu Shabu,12.8,5.0,134,http://you.ctrip.com/food/hulunbeier458/4927147.html
Hulunbeier,Prairie Hotel,11.52,4.5,142,http://you.ctrip.com/food/hulunbeier458/6279.html
Hulunbeier,Zizi Hotel,8.32,4.5,8,http://you.ctrip.com/food/hulunbeier458/15142837.html
Hulunbeier,Lubri Restaurant (Halal),15.68,4.6,34,http://you.ctrip.com/food/hulunbeier458/13317431.html
Hulunbeier,Nomintalara Tea,9.44,4.1,9,http://you.ctrip.com/food/hulunbeier458/7864762.html
Hulunbeier,Mengxiang Raw Bar (North Street Branch),11.36,3.6,19,http://you.ctrip.com/food/hulunbeier458/7513022.html
Hulunbeier,Max (Yakeshi),4.16,5.0,6,http://you.ctrip.com/food/hulunbeier458/15142992.html
Hulunbeier,The third bone Museum,10.08,3.8,59,http://you.ctrip.com/food/hulunbeier458/6286.html
Hulunbeier,Grassland its own food city,13.92,3.6,24,http://you.ctrip.com/food/hulunbeier458/6305.html
Hulunbeier,After busy busy mom food,7.2,4.4,20,http://you.ctrip.com/food/hulunbeier458/13301589.html
Hulunbeier,Mongolian Hotel,10.08,3.8,9,http://you.ctrip.com/food/hulunbeier458/8319490.html
Chifeng,Regency Hotel,14.88,3.6,47,http://you.ctrip.com/food/chifeng483/6394.html
Chifeng,Dekashi (Zhonglian Branch),4.32,4.4,74,http://you.ctrip.com/food/chifeng483/6949682.html
Chifeng,KFC (Guangda),4.8,4.9,176,http://you.ctrip.com/food/chifeng483/16644396.html
Chifeng,British Time Bread (New City Branch),3.04,3.6,32,http://you.ctrip.com/food/chifeng483/6984201.html
Chifeng,KFC (Xin Tai He),5.44,3.8,141,http://you.ctrip.com/food/chifeng483/7926508.html
Chifeng,KFC (Dada shop),11.2,4.1,152,http://you.ctrip.com/food/chifeng483/11139993.html
Chifeng,McDonald&#39;s (Chifeng Wanda),4.96,4.1,109,http://you.ctrip.com/food/chifeng483/11501467.html
Chifeng,Ding Yi Lou,,4.0,111,http://you.ctrip.com/food/chifeng483/16646536.html
Chifeng,KFC (Metropolis Shop),4.0,3.8,181,http://you.ctrip.com/food/chifeng483/7933306.html
Chifeng,Jinxiao Xiaoshan City (Spark Road Shop),8.48,3.6,19,http://you.ctrip.com/food/chifeng483/6955403.html
Chifeng,Pizza Hut (New Willy Shop),9.12,4.0,65,http://you.ctrip.com/food/chifeng483/7934616.html
Chifeng,Corner Restaurant,2.08,4.9,9,http://you.ctrip.com/food/chifeng483/7001010.html
Chifeng,KFC (Pingzhuang Shiyuan Store),4.8,4.6,53,http://you.ctrip.com/food/chifeng483/16244485.html
Chifeng,Five love spicy incense pot &amp; Zhang master duck claw claw (Vidor ...,5.28,3.6,17,http://you.ctrip.com/food/chifeng483/6966603.html
Chifeng,Mengdu 43°9 Sheep Hot Pot (Xincheng Branch),13.44,4.6,51,http://you.ctrip.com/food/chifeng483/6556.html
Leshan,Zhao Kee oiled sweet duck,3.84,4.0,103,http://you.ctrip.com/food/leshan103/134710.html
Leshan,On behalf of Si Niang Niu Huafu brain delicious snacks,2.24,3.5,83,http://you.ctrip.com/food/leshan103/4927465.html
Leshan,Niu Hua Xiao Zhu signed Mala Tang,8.32,4.5,143,http://you.ctrip.com/food/leshan103/5613657.html
Leshan,Open laugh hot pot shop,8.32,4.4,44,http://you.ctrip.com/food/leshan103/5613527.html
Leshan,Three sour soup ducks,9.44,3.5,19,http://you.ctrip.com/food/leshan103/455464.html
Leshan,Gao Ke Doufu Brain,2.56,4.5,151,http://you.ctrip.com/food/leshan103/5613701.html
Leshan,Xu Lin Huang Yuji,7.52,3.5,39,http://you.ctrip.com/food/leshan103/135056.html
Leshan,Pan BBQ,5.92,3.5,9,http://you.ctrip.com/food/leshan103/5613627.html
Leshan,Ginger Longchi grilled fish,9.12,4.0,30,http://you.ctrip.com/food/leshan103/5613620.html
Leshan,Jiumei chicken claws,3.04,4.1,138,http://you.ctrip.com/food/leshan103/5613537.html
Leshan,Ding Ji Xiba Tofu Fish Village,,3.5,9,http://you.ctrip.com/food/leshan103/5614150.html
Leshan,Wang Haoer Ji Liulu (Zhijiang Road Head Office),4.8,3.5,29,http://you.ctrip.com/food/leshan103/5613684.html
Leshan,Ye Hu Po,5.92,4.5,253,http://you.ctrip.com/food/leshan103/134709.html
Leshan,Xu barbecue,7.68,3.0,14,http://you.ctrip.com/food/leshan103/5615266.html
Leshan,The ancient city of citron foot beef (intangible cultural heritage...,8.64,5.0,172,http://you.ctrip.com/food/leshan103/134726.html
Qianxinan,Zheng Ke filling pepper brush head,1.92,3.5,13,http://you.ctrip.com/food/qianxinan1428/1293.html
Qianxinan,Shengshi Miao home sour soup fish,8.0,4.2,48,http://you.ctrip.com/food/qianxinan1428/6936362.html
Qianxinan,Hui Cheng Zhi Zhi (Xingyi Yidian),2.88,4.6,52,http://you.ctrip.com/food/qianxinan1428/8015152.html
Qianxinan,Hui Cheng Zhi Zhi (Street Garden - Three Stores),2.88,4.7,38,http://you.ctrip.com/food/qianxinan1428/8015153.html
Qianxinan,Hui Cheng Zhi Zhi (Hua Yue Community Xingyi 4),2.88,4.2,40,http://you.ctrip.com/food/qianxinan1428/8015131.html
Qianxinan,De Keshi (Hongyuan Restaurant),4.64,4.0,33,http://you.ctrip.com/food/qianxinan1428/11391764.html
Qianxinan,Kerry sour soup fish,7.52,4.2,11,http://you.ctrip.com/food/qianxinan1428/9409334.html
Qianxinan,De Keshi (Golden Triangle Plaza),,4.4,30,http://you.ctrip.com/food/qianxinan1428/11391639.html
Qianxinan,De Keshi (Xingren Branch),4.16,4.0,25,http://you.ctrip.com/food/qianxinan1428/11184154.html
Qianxinan,Huicheng Zhizhi (Xingyi 5),2.88,4.5,17,http://you.ctrip.com/food/qianxinan1428/12652407.html
Qianxinan,Hui Cheng Zhi Zhi (Lao Sanzhong Branch - Xingyi 2),2.88,4.5,19,http://you.ctrip.com/food/qianxinan1428/8015132.html
Qianxinan,Lion House,11.04,4.1,13,http://you.ctrip.com/food/qianxinan1428/13915253.html
Qianxinan,Zhengxin Chicken Steak (Guiren Branch),1.76,5.0,10,http://you.ctrip.com/food/qianxinan1428/16263837.html
Qianxinan,Shengzhiquan Spring Fish Restaurant,9.6,4.9,5,http://you.ctrip.com/food/qianxinan1428/13890638.html
Qianxinan,Night sweat chicken (Xingyi shop),8.48,4.5,11,http://you.ctrip.com/food/qianxinan1428/16263475.html
Haixi,Halal Yaxing Shabu Shabu,7.84,4.5,13,http://you.ctrip.com/food/haixi120012/13353428.html
Haixi,Xinheyuan Restaurant,6.4,5.0,12,http://you.ctrip.com/food/haixi120012/13009602.html
Haixi,Daca Dan Gu Baisheng Roast Lamb Shop,,5.0,2,http://you.ctrip.com/food/haixi120012/13951652.html
Haixi,Soybean fish,12.0,5.0,7,http://you.ctrip.com/food/haixi120012/12780663.html
Haixi,Halal Ibrahim yak meat beef,9.12,5.0,7,http://you.ctrip.com/food/haixi120012/16437338.html
Haixi,Yagu Baisheng Roast Lamb,8.8,3.3,3,http://you.ctrip.com/food/haixi120012/13702156.html
Haixi,Ibrahim Shabu Shabu,8.0,4.9,5,http://you.ctrip.com/food/haixi120012/8569041.html
Haixi,Wei Xianglin Buffet Small Hot Pot,7.84,4.5,2,http://you.ctrip.com/food/haixi120012/16757854.html
Haixi,尕 Cloth Features Shabu Shabu,,5.0,1,http://you.ctrip.com/food/haixi120012/16437290.html
Haixi,Dachaidan Linxia Restaurant,,4.0,3,http://you.ctrip.com/food/haixi120012/11625436.html
Haixi,Ordinary people,,5.0,2,http://you.ctrip.com/food/haixi120012/151587.html
Haixi,Yiliu Xiaochao Food City,7.52,4.0,1,http://you.ctrip.com/food/haixi120012/16757627.html
Haixi,Xihai Food City,,4.0,1,http://you.ctrip.com/food/haixi120012/16757599.html
Haixi,Laiyuanyuan Restaurant,,3.5,2,http://you.ctrip.com/food/haixi120012/16757554.html
Haixi,Rural pot chicken (the eighth branch),,4.0,1,http://you.ctrip.com/food/haixi120012/16757742.html
Harbin,Madal Cold Drink Hall,1.44,4.5,1576,http://you.ctrip.com/food/haerbin151/4925502.html
Harbin,Laochang Chunpao (Central Street Branch),7.36,4.5,782,http://you.ctrip.com/food/haerbin151/4925403.html
Harbin,Portman Western Restaurant (Dao Li),24.8,4.0,1075,http://you.ctrip.com/food/haerbin151/4925340.html
Harbin,Oriental Dumpling King (Central Shop),5.92,4.0,233,http://you.ctrip.com/food/haerbin151/4925394.html
Harbin,Xue House Yipin Bone (Upstream Street),9.44,4.5,253,http://you.ctrip.com/food/haerbin151/4925429.html
Harbin,Huamei West Restaurant (Central Street Branch),15.84,4.1,443,http://you.ctrip.com/food/haerbin151/4925349.html
Harbin,Old Chef&#39;s Home (Youyi Road Head Office),11.2,4.5,303,http://you.ctrip.com/food/haerbin151/5313290.html
Harbin,Hairy Bacon Flatbread,8.32,5.0,240,http://you.ctrip.com/food/haerbin151/4925406.html
Harbin,Yushi taste hall (Daoli shop),8.96,4.5,292,http://you.ctrip.com/food/haerbin151/4925352.html
Harbin,Tadwest Restaurant,24.8,4.4,140,http://you.ctrip.com/food/haerbin151/4925468.html
Harbin,Wu Kee Bone Stew Restaurant (West Street Branch),9.6,4.5,329,http://you.ctrip.com/food/haerbin151/4925351.html
Harbin,Business Commission,14.08,4.5,215,http://you.ctrip.com/food/haerbin151/4925397.html
Harbin,Euro Brazilian Restaurant,20.64,4.4,100,http://you.ctrip.com/food/haerbin151/4925342.html
Harbin,Old number (Central shop),4.32,4.1,219,http://you.ctrip.com/food/haerbin151/4925434.html
Harbin,Zhang Baopu,6.56,4.5,162,http://you.ctrip.com/food/haerbin151/4925426.html
Kuala Lumpur,Xinfeng Bone Tea,8.96,4.5,513,http://you.ctrip.com/food/kualalumpur45/4927395.html
Kuala Lumpur,Precious Old China,11.52,4.4,200,http://you.ctrip.com/food/kualalumpur45/4927397.html
Kuala Lumpur,Madame Guan Restaurant (Shandong Square),15.68,4.5,352,http://you.ctrip.com/food/kualalumpur45/4927407.html
Kuala Lumpur,Little Penang Restaurant (Shandong Square),11.36,4.5,187,http://you.ctrip.com/food/kualalumpur45/4927401.html
Kuala Lumpur,Number ten alley,7.2,4.1,652,http://you.ctrip.com/food/kualalumpur45/4927406.html
Kuala Lumpur,Sky Bar,28.48,4.1,58,http://you.ctrip.com/food/kualalumpur45/10452203.html
Kuala Lumpur,Nando's,8.96,4.0,201,http://you.ctrip.com/food/kualalumpur45/453732.html
Kuala Lumpur,Ming Kee Roast Fish Restaurant,17.28,4.2,136,http://you.ctrip.com/food/kualalumpur45/8200540.html
Kuala Lumpur,Din Tai Fung (Pavilion Shop),15.84,4.1,264,http://you.ctrip.com/food/kualalumpur45/4927396.html
Kuala Lumpur,Huang Yahua Snack Shop,14.72,4.2,605,http://you.ctrip.com/food/kualalumpur45/500087.html
Kuala Lumpur,Jin Lianji,8.0,4.1,258,http://you.ctrip.com/food/kualalumpur45/4927405.html
Kuala Lumpur,Luohangan Longan Rock Sugar Stew Gourd Melon,0.48,4.5,217,http://you.ctrip.com/food/kualalumpur45/6945725.html
Kuala Lumpur,Old Street White Coffee (LCCT),5.76,4.2,41,http://you.ctrip.com/food/kualalumpur45/11654481.html
Kuala Lumpur,Arrow Street,11.36,4.2,273,http://you.ctrip.com/food/kualalumpur45/4927404.html
Kuala Lumpur,Bread Boy,2.56,3.6,76,http://you.ctrip.com/food/kualalumpur45/6973686.html
Kyoto,One Ramen (Kyoto Kawaramachi),9.28,4.5,172,http://you.ctrip.com/food/kyoto430/6994380.html
Kyoto,Crab Dole (Kyoto Main Store),52.32,4.5,97,http://you.ctrip.com/food/kyoto430/6994486.html
Kyoto,The Roasted Pork Restaurant in Beijing (Soudoucho shop),74.88,3.8,149,http://you.ctrip.com/food/kyoto430/6994498.html
Kyoto,Kikunoi Shop,277.6,3.1,240,http://you.ctrip.com/food/kyoto430/6994810.html
Kyoto,Wakasa house (Kawaramachi branch),8.64,3.5,110,http://you.ctrip.com/food/kyoto430/6994385.html
Kyoto,Nakamura Fujiyoshi (Kyoto Station Station),9.12,4.0,173,http://you.ctrip.com/food/kyoto430/6994389.html
Kyoto,Kyoto Ramen Road,8.16,4.5,338,http://you.ctrip.com/food/kyoto430/4928166.html
Kyoto,Hikawa,36.96,4.0,239,http://you.ctrip.com/food/kyoto430/6994424.html
Kyoto,Hirojiro Sushi (Shijochoyacho),24.64,3.8,50,http://you.ctrip.com/food/kyoto430/6994672.html
Kyoto,Wakayuki (Isetan Kyoto store),13.6,4.0,67,http://you.ctrip.com/food/kyoto430/6994433.html
Kyoto,Edogawa (Kyoto Station),22.4,3.6,96,http://you.ctrip.com/food/kyoto430/6994648.html
Kyoto,Luci Kikunoi (Kiyamachi Branch),155.04,3.6,141,http://you.ctrip.com/food/kyoto430/6994415.html
Kyoto,Tea Town Miyoshi Ri (Gion Sonomoto Store),18.56,3.5,71,http://you.ctrip.com/food/kyoto430/6994411.html
Kyoto,"Beijing&#39;s Kaoru Koshiro (1,000 copies of this shop)",44.32,4.4,31,http://you.ctrip.com/food/kyoto430/8823544.html
Kyoto,Hakata Katsuki (Kyoto Ramen Road Shop),10.4,3.1,112,http://you.ctrip.com/food/kyoto430/6994381.html
Okinawa,Yuunangii,27.84,4.2,97,http://you.ctrip.com/food/okinawa292/4928224.html
Okinawa,Hefeng Pavilion (Naha Main Place Branch),18.4,3.5,145,http://you.ctrip.com/food/okinawa292/9174016.html
Okinawa,Ryukyu cattle,45.76,4.7,134,http://you.ctrip.com/food/okinawa292/11660082.html
Okinawa,Niu Huang,130.24,3.1,122,http://you.ctrip.com/food/okinawa292/9167165.html
Okinawa,Niu Jiao (Kingcho Station),32.32,5.0,72,http://you.ctrip.com/food/okinawa292/11203349.html
Okinawa,Hanasa dining hall,9.28,4.2,223,http://you.ctrip.com/food/okinawa292/6994885.html
Okinawa,Watashi-dori Town,37.12,3.8,86,http://you.ctrip.com/food/okinawa292/9127009.html
Okinawa,Salt House (International Pass Matsuo Branch),9.28,4.1,24,http://you.ctrip.com/food/okinawa292/15295920.html
Okinawa,Ramen noodles (Naha Muzhi shop),7.84,4.4,199,http://you.ctrip.com/food/okinawa292/6994895.html
Okinawa,Shurisoba,9.12,4.2,69,http://you.ctrip.com/food/okinawa292/6995014.html
Okinawa,My Naha Dolphin Shop (Asahibashi Branch),18.4,4.5,160,http://you.ctrip.com/food/okinawa292/6994886.html
Okinawa,Tennis town,9.12,4.2,62,http://you.ctrip.com/food/okinawa292/8911034.html
Okinawa,Airport cafeteria,9.12,4.0,65,http://you.ctrip.com/food/okinawa292/8910914.html
Okinawa,A&amp;W (Naha Airport Branch),9.12,4.1,22,http://you.ctrip.com/food/okinawa292/12410246.html
Okinawa,Blue Seal Ice Cream Ryu ...,4.64,4.4,84,http://you.ctrip.com/food/okinawa292/6994883.html
Singapore,Song Fat Bak Kut Teh (Clarke Dock),9.12,4.5,1177,http://you.ctrip.com/food/singapore53/4926288.html
Singapore,Tiannan Hainan Chicken Rice,7.52,4.5,904,http://you.ctrip.com/food/singapore53/452158.html
Singapore,Jumbo (Riverside) Seafood,77.12,5.0,324,http://you.ctrip.com/food/singapore53/8667380.html
Singapore,Singapore Seafood Republican,61.12,4.5,455,http://you.ctrip.com/food/singapore53/6945875.html
Singapore,Malaysian Food Street,15.2,4.4,536,http://you.ctrip.com/food/singapore53/6945957.html
Singapore,Old Pasar,18.24,4.2,784,http://you.ctrip.com/food/singapore53/4926284.html
Singapore,Maxwell Road Food Centre,11.36,4.5,660,http://you.ctrip.com/food/singapore53/4926280.html
Singapore,Wen Dong Kee (Balestier shop),12.96,4.5,325,http://you.ctrip.com/food/singapore53/4926451.html
Singapore,Joël Robuchon Restaurant,381.76,3.6,95,http://you.ctrip.com/food/singapore53/8661285.html
Singapore,No Signboard Seafood Restaurant (Beach Art Center),116.96,4.5,394,http://you.ctrip.com/food/singapore53/4927123.html
Singapore,Singapore roadside booth,5.28,4.4,255,http://you.ctrip.com/food/singapore53/6945976.html
Singapore,Dragon Seafood King Crab (Ang Mo Kio shop),27.52,4.6,226,http://you.ctrip.com/food/singapore53/6945970.html
Singapore,Orchard Road Street Ice Cream,1.12,5.0,299,http://you.ctrip.com/food/singapore53/8657496.html
Singapore,Jumbo Seafood (Hebinfang Branch),77.92,5.0,820,http://you.ctrip.com/food/singapore53/8661488.html
Singapore,Husband Dou Hua (Muswi Road Food Shop),2.24,4.0,127,http://you.ctrip.com/food/singapore53/8660666.html
