City Name,Restaurant Name,Price,Rating,Review Number,Web Link
Beijing,,,,,
Beijing,,,,,
Beijing,,,,,
Beijing,,,,,
Beijing,,,,,
Beijing,,,,,
Beijing,,,,,
Beijing,,,,,
Beijing,The Lounge (The Ritz-Carlton Beijing),"$$$$, Bar",bubble_50,244 Reviews ,/Restaurant_Review-g294212-d7227312-Reviews-The_Lounge_The_Ritz_Carlton_Beijing-Beijing.html
Beijing,Choy's Seafood Restaurant,"$$$$, Chinese, Asian",bubble_50,356 Reviews ,/Restaurant_Review-g294212-d3239084-Reviews-Choy_s_Seafood_Restaurant-Beijing.html
Beijing,The Garden Court,"$$$$, International",bubble_50,166 Reviews ,/Restaurant_Review-g294212-d3511957-Reviews-The_Garden_Court-Beijing.html
Beijing,Aroma,"$$$$, Asian",bubble_50,106 Reviews ,/Restaurant_Review-g294212-d4861457-Reviews-Aroma-Beijing.html
Beijing,Black Sesame Kitchen,"$$ - $$$, Chinese, Asian",bubble_45,734 Reviews ,/Restaurant_Review-g294212-d1581964-Reviews-Black_Sesame_Kitchen-Beijing.html
Beijing,BeiJing Haidilao Hot Pot (Wangfujing),"$$ - $$$, Chinese, Asian",bubble_45,569 Reviews ,/Restaurant_Review-g294212-d2264025-Reviews-BeiJing_Haidilao_Hot_Pot_Wangfujing-Beijing.html
Beijing,Siji Minfu Restaurant Peking Roast Duck (Dengshikou),"$$ - $$$, Chinese, Asian",bubble_45,951 Reviews ,/Restaurant_Review-g294212-d4754416-Reviews-Siji_Minfu_Restaurant_Peking_Roast_Duck_Dengshikou-Beijing.html
Beijing,Na Jia Restaurant (Yong'anli),"$$ - $$$, Chinese, Asian",bubble_45,307 Reviews ,/Restaurant_Review-g294212-d944947-Reviews-Na_Jia_Restaurant_Yong_anli-Beijing.html
Beijing,BLD (Renaissance Beijing Capital Hotel),"$$ - $$$, Asian, International",bubble_50,161 Reviews ,/Restaurant_Review-g294212-d7221233-Reviews-BLD_Renaissance_Beijing_Capital_Hotel-Beijing.html
Beijing,Lobby Lounge (JW Marriott Hotel Beijing),$$ - $$$,bubble_50,98 Reviews ,/Restaurant_Review-g294212-d10111018-Reviews-Lobby_Lounge_JW_Marriott_Hotel_Beijing-Beijing.html
Beijing,The Garden Chinese Restaurant,"$$ - $$$, Chinese, Asian",bubble_50,119 Reviews ,/Restaurant_Review-g294212-d10769475-Reviews-The_Garden_Chinese_Restaurant-Beijing.html
Beijing,Fratelli Fresh,"$$ - $$$, Italian, Pizza, Mediterranean",bubble_45,277 Reviews ,/Restaurant_Review-g294212-d3208489-Reviews-Fratelli_Fresh-Beijing.html
Beijing,Mr. Shi's Dumplings,"$, Chinese, Asian",bubble_45,603 Reviews ,/Restaurant_Review-g294212-d1964873-Reviews-Mr_Shi_s_Dumplings-Beijing.html
Beijing,Grandma's Home (APM),"$, Chinese, Asian",bubble_40,318 Reviews ,/Restaurant_Review-g294212-d3167043-Reviews-Grandma_s_Home_APM-Beijing.html
Beijing,Quan Xing Ju Restaurant,"$, Chinese, Asian",bubble_45,63 Reviews ,/Restaurant_Review-g294212-d2077523-Reviews-Quan_Xing_Ju_Restaurant-Beijing.html
Beijing,Donghuamen Night Market,"$, Chinese, Fast Food, Asian",bubble_35,240 Reviews ,/Restaurant_Review-g294212-d1204493-Reviews-Donghuamen_Night_Market-Beijing.html
Beijing,"Cepe (The Ritz-Carlton Beijing, Financial Street)","$$$$, Italian, European, Seafood",bubble_45,65 Reviews ,/Restaurant_Review-g294212-d2353607-Reviews-Cepe_The_Ritz_Carlton_Beijing_Financial_Street-Beijing.html
Beijing,China Grill,"$$$$, Steakhouse",bubble_40,126 Reviews ,/Restaurant_Review-g294212-d1541512-Reviews-China_Grill-Beijing.html
Beijing,The Lobby at The Peninsula Beijing,"$$ - $$$, Indian, Southwestern, International",bubble_40,19 Reviews ,/Restaurant_Review-g294212-d2399121-Reviews-The_Lobby_at_The_Peninsula_Beijing-Beijing.html
Beijing,Huang Ting,"$$$$, Chinese",bubble_40,1 Reviews ,/Restaurant_Review-g294212-d11903087-Reviews-Huang_Ting-Beijing.html
Beijing,The Garden Court,"$$$$, International",bubble_50,166 Reviews ,/Restaurant_Review-g294212-d3511957-Reviews-The_Garden_Court-Beijing.html
Beijing,BLD (Renaissance Beijing Capital Hotel),"$$ - $$$, Asian, International",bubble_50,161 Reviews ,/Restaurant_Review-g294212-d7221233-Reviews-BLD_Renaissance_Beijing_Capital_Hotel-Beijing.html
Beijing,Lobby Lounge (JW Marriott Hotel Beijing),$$ - $$$,bubble_50,98 Reviews ,/Restaurant_Review-g294212-d10111018-Reviews-Lobby_Lounge_JW_Marriott_Hotel_Beijing-Beijing.html
Beijing,Aroma,"$$$$, Asian",bubble_50,106 Reviews ,/Restaurant_Review-g294212-d4861457-Reviews-Aroma-Beijing.html
Shanghai,,,,,
Shanghai,,,,,
Shanghai,,,,,
Shanghai,,,,,
Shanghai,,,,,
Shanghai,,,,,
Shanghai,,,,,
Shanghai,,,,,
Shanghai,Salon de Ville at Waldorf Astoria Shanghai on the Bund,"$$$$, British",bubble_50,99 Reviews ,/Restaurant_Review-g308272-d3805307-Reviews-Salon_de_Ville_at_Waldorf_Astoria_Shanghai_on_the_Bund-Shanghai.html
Shanghai,Ultraviolet by Paul Pairet,"$$$$, European, Contemporary",bubble_50,188 Reviews ,/Restaurant_Review-g308272-d3295750-Reviews-Ultraviolet_by_Paul_Pairet-Shanghai.html
Shanghai,"Jin Xuan Chinese Restaurant (The Ritz-Carlton Shanghai, Pudong)","$$$$, Chinese, Asian",bubble_50,348 Reviews ,/Restaurant_Review-g308272-d2661749-Reviews-Jin_Xuan_Chinese_Restaurant_The_Ritz_Carlton_Shanghai_Pudong-Shanghai.html
Shanghai,Scena (The Ritz-Carlton Shanghai Pudong),"$$$$, Italian, European",bubble_45,702 Reviews ,/Restaurant_Review-g308272-d2102063-Reviews-Scena_The_Ritz_Carlton_Shanghai_Pudong-Shanghai.html
Shanghai,Jia Jia Tang Bao(Huanghe Road),"$, Chinese, Asian, Soups",bubble_45,788 Reviews ,/Restaurant_Review-g308272-d1015824-Reviews-Jia_Jia_Tang_Bao_Huanghe_Road-Shanghai.html
Shanghai,Yang's Fried-Dumpling (Ningbo Road),"$, Chinese, Fast Food, Asian",bubble_45,272 Reviews ,/Restaurant_Review-g308272-d2159393-Reviews-Yang_s_Fried_Dumpling_Ningbo_Road-Shanghai.html
Shanghai,Yang's Fried Dumplings (HuangHe Road),"$, Chinese, Fast Food, Asian",bubble_45,612 Reviews ,/Restaurant_Review-g308272-d2035728-Reviews-Yang_s_Fried_Dumplings_HuangHe_Road-Shanghai.html
Shanghai,Yang' s Fry-Dumpling（Wujiang Store),"$, Chinese",bubble_45,575 Reviews ,/Restaurant_Review-g308272-d1533218-Reviews-Yang_s_Fry_Dumpling_Wujiang_Store-Shanghai.html
Shanghai,Efes Restaurant Turkish & Mediterranean Cuisine,"$$ - $$$, Pizza, Barbecue, Mediterranean",bubble_45,909 Reviews ,/Restaurant_Review-g308272-d3786795-Reviews-Efes_Restaurant_Turkish_Mediterranean_Cuisine-Shanghai.html
Shanghai,Vanca`s Ribs & BBQ (Bulgarian Cuisine),"$$ - $$$, Barbecue, European, Eastern European",bubble_45,142 Reviews ,/Restaurant_Review-g308272-d6556136-Reviews-Vanca_s_Ribs_BBQ_Bulgarian_Cuisine-Shanghai.html
Shanghai,The Fellas,"$$ - $$$, Italian, Bar, Pizza",bubble_45,221 Reviews ,/Restaurant_Review-g308272-d10839793-Reviews-The_Fellas-Shanghai.html
Shanghai,Goodfellas,"$$ - $$$, Italian, Pizza, European",bubble_45,"1,302 Reviews ",/Restaurant_Review-g308272-d4452229-Reviews-Goodfellas-Shanghai.html
Shanghai,Yang's Fried-Dumpling (Ningbo Road),"$, Chinese, Fast Food, Asian",bubble_45,272 Reviews ,/Restaurant_Review-g308272-d2159393-Reviews-Yang_s_Fried_Dumpling_Ningbo_Road-Shanghai.html
Shanghai,Yang' s Fry-Dumpling（Wujiang Store),"$, Chinese",bubble_45,575 Reviews ,/Restaurant_Review-g308272-d1533218-Reviews-Yang_s_Fry_Dumpling_Wujiang_Store-Shanghai.html
Shanghai,Jia Jia Tang Bao(Huanghe Road),"$, Chinese, Asian, Soups",bubble_45,788 Reviews ,/Restaurant_Review-g308272-d1015824-Reviews-Jia_Jia_Tang_Bao_Huanghe_Road-Shanghai.html
Shanghai,Yang's Fried Dumplings (HuangHe Road),"$, Chinese, Fast Food, Asian",bubble_45,612 Reviews ,/Restaurant_Review-g308272-d2035728-Reviews-Yang_s_Fried_Dumplings_HuangHe_Road-Shanghai.html
Shanghai,"Jin Xuan Chinese Restaurant (The Ritz-Carlton Shanghai, Pudong)","$$$$, Chinese, Asian",bubble_50,348 Reviews ,/Restaurant_Review-g308272-d2661749-Reviews-Jin_Xuan_Chinese_Restaurant_The_Ritz_Carlton_Shanghai_Pudong-Shanghai.html
Shanghai,Scena (The Ritz-Carlton Shanghai Pudong),"$$$$, Italian, European",bubble_45,702 Reviews ,/Restaurant_Review-g308272-d2102063-Reviews-Scena_The_Ritz_Carlton_Shanghai_Pudong-Shanghai.html
Shanghai,Hakkasan,"$$$$, Contemporary, Chinese, Asian",bubble_45,876 Reviews ,/Restaurant_Review-g308272-d6510103-Reviews-Hakkasan-Shanghai.html
Shanghai,The Chop Chop Club | UNICO,"$$$$, International",bubble_45,65 Reviews ,/Restaurant_Review-g308272-d12245450-Reviews-The_Chop_Chop_Club_UNICO-Shanghai.html
Shanghai,Windows on the Park,$$ - $$$,bubble_45,103 Reviews ,/Restaurant_Review-g308272-d4771373-Reviews-Windows_on_the_Park-Shanghai.html
Shanghai,Wow Cafe & Bar,"$$ - $$$, Cafe, Fusion, Latin",bubble_50,62 Reviews ,/Restaurant_Review-g308272-d8442222-Reviews-Wow_Cafe_Bar-Shanghai.html
Shanghai,Grand Brasserie at Waldorf Astoria Shanghai on the Bund,"$$$$, European, International, Contemporary",bubble_45,124 Reviews ,/Restaurant_Review-g308272-d3803000-Reviews-Grand_Brasserie_at_Waldorf_Astoria_Shanghai_on_the_Bund-Shanghai.html
Shanghai,Yi Cafe at Pudong Shangri-La,"$$$$, International, Asian",bubble_45,308 Reviews ,/Restaurant_Review-g308272-d806220-Reviews-Yi_Cafe_at_Pudong_Shangri_La-Shanghai.html
Guangzhou,,,,,
Guangzhou,,,,,
Guangzhou,,,,,
Guangzhou,,,,,
Guangzhou,,,,,
Guangzhou,,,,,
Guangzhou,,,,,
Guangzhou,,,,,
Guangzhou,Westin Guangzhou HongMian Chinese Restaurant,"$$$$, Chinese",bubble_50,98 Reviews ,/Restaurant_Review-g298555-d3512817-Reviews-Westin_Guangzhou_HongMian_Chinese_Restaurant-Guangzhou_Guangdong.html
Guangzhou,Prego,"$$$$, Italian, European",bubble_45,137 Reviews ,/Restaurant_Review-g298555-d1073149-Reviews-Prego-Guangzhou_Guangdong.html
Guangzhou,Wilber's,"$$$$, European, International",bubble_45,125 Reviews ,/Restaurant_Review-g298555-d1817351-Reviews-Wilber_s-Guangzhou_Guangdong.html
Guangzhou,Le Sainte Maxime,"$$$$, French, European",bubble_45,114 Reviews ,/Restaurant_Review-g298555-d7137235-Reviews-Le_Sainte_Maxime-Guangzhou_Guangdong.html
Guangzhou,The Kitchen Table (Guangzhou W Hotel),"$$ - $$$, European, Asian, International",bubble_50,342 Reviews ,/Restaurant_Review-g298555-d7333002-Reviews-The_Kitchen_Table_Guangzhou_W_Hotel-Guangzhou_Guangdong.html
Guangzhou,Bingsheng Pinwei Restaurant (Tianhe),"$$ - $$$, Chinese, Asian",bubble_40,120 Reviews ,/Restaurant_Review-g298555-d1116909-Reviews-Bingsheng_Pinwei_Restaurant_Tianhe-Guangzhou_Guangdong.html
Guangzhou,Guangzhou Restaurant,"$$ - $$$, Chinese, Asian",bubble_40,248 Reviews ,/Restaurant_Review-g298555-d2177844-Reviews-Guangzhou_Restaurant-Guangzhou_Guangdong.html
Guangzhou,Bingsheng Pinwei Restaurant (Haiyin),"$$ - $$$, Chinese, Seafood",bubble_40,34 Reviews ,/Restaurant_Review-g298555-d1418921-Reviews-Bingsheng_Pinwei_Restaurant_Haiyin-Guangzhou_Guangdong.html
Guangzhou,Social&Co,"$$ - $$$, Bar, New Zealand",bubble_45,254 Reviews ,/Restaurant_Review-g298555-d6378094-Reviews-Social_Co-Guangzhou_Guangdong.html
Guangzhou,Tiger Prawn (Huifudong Road),"$$ - $$$, Seafood, Asian, Vietnamese",bubble_45,466 Reviews ,/Restaurant_Review-g298555-d1625162-Reviews-Tiger_Prawn_Huifudong_Road-Guangzhou_Guangdong.html
Guangzhou,Sultan Restaurant Guangzhou,"$$ - $$$, Mediterranean, Barbecue, Turkish",bubble_45,528 Reviews ,/Restaurant_Review-g298555-d1006324-Reviews-Sultan_Restaurant_Guangzhou-Guangzhou_Guangdong.html
Guangzhou,La Vita e'bella,"$$ - $$$, Italian, Pizza, European",bubble_45,147 Reviews ,/Restaurant_Review-g298555-d11748628-Reviews-La_Vita_e_bella-Guangzhou_Guangdong.html
Guangzhou,Enzo&Max - Authentic French Crepes,"$, French, European",bubble_50,33 Reviews ,/Restaurant_Review-g298555-d12170378-Reviews-Enzo_Max_Authentic_French_Crepes-Guangzhou_Guangdong.html
Guangzhou,Chicken Express,"$, Fast Food",bubble_45,147 Reviews ,/Restaurant_Review-g298555-d4309516-Reviews-Chicken_Express-Guangzhou_Guangdong.html
Guangzhou,Chay Hana Turkish Restaurant,"$, Mediterranean, Barbecue, Turkish",bubble_50,23 Reviews ,/Restaurant_Review-g298555-d10772028-Reviews-Chay_Hana_Turkish_Restaurant-Guangzhou_Guangdong.html
Guangzhou,Yin Ji ChangFen Dian (Hui Fu East Road),"$, Chinese",bubble_40,49 Reviews ,/Restaurant_Review-g298555-d3503948-Reviews-Yin_Ji_ChangFen_Dian_Hui_Fu_East_Road-Guangzhou_Guangdong.html
Guangzhou,Westin Guangzhou Seasonal Tastes Restaurant,International,bubble_50,68 Reviews ,/Restaurant_Review-g298555-d3512387-Reviews-Westin_Guangzhou_Seasonal_Tastes_Restaurant-Guangzhou_Guangdong.html
Guangzhou,Starbucks (ShaMian),"$$ - $$$, Cafe",bubble_45,206 Reviews ,/Restaurant_Review-g298555-d3503326-Reviews-Starbucks_ShaMian-Guangzhou_Guangdong.html
Guangzhou,City Bistro Guangzhou Marriott Hotel Tianhe,$$$$,bubble_45,52 Reviews ,/Restaurant_Review-g298555-d8610250-Reviews-City_Bistro_Guangzhou_Marriott_Hotel_Tianhe-Guangzhou_Guangdong.html
Guangzhou,Dian Dou De (Ju FuLou),"$$ - $$$, Chinese, Asian",bubble_45,125 Reviews ,/Restaurant_Review-g298555-d6214488-Reviews-Dian_Dou_De_Ju_FuLou-Guangzhou_Guangdong.html
Hangzhou,,,,,
Hangzhou,,,,,
Hangzhou,,,,,
Hangzhou,,,,,
Hangzhou,,,,,
Hangzhou,,,,,
Hangzhou,,,,,
Hangzhou,,,,,
Hangzhou,"Lanting Chinese Restaurant (The Azure Qiantang, a Luxury Collection Hotel, Hangzhou)","$$$$, Chinese",bubble_50,70 Reviews ,/Restaurant_Review-g298559-d12415895-Reviews-Lanting_Chinese_Restaurant_The_Azure_Qiantang_a_Luxury_Collection_Hotel_Hangzhou.html
Hangzhou,Jin Sha (Four Seasons Hotel Hangzhou at West Lake),"$$$$, Chinese, Asian",bubble_45,159 Reviews ,/Restaurant_Review-g298559-d2091009-Reviews-Jin_Sha_Four_Seasons_Hotel_Hangzhou_at_West_Lake-Hangzhou_Zhejiang.html
Hangzhou,28 Hubin Road,"$$$$, Chinese, Asian",bubble_45,173 Reviews ,/Restaurant_Review-g298559-d2391121-Reviews-28_Hubin_Road-Hangzhou_Zhejiang.html
Hangzhou,Gui Yu ShanFang GaoJi Restaurant,"$$$$, Chinese",bubble_50,23 Reviews ,/Restaurant_Review-g298559-d3402150-Reviews-Gui_Yu_ShanFang_GaoJi_Restaurant-Hangzhou_Zhejiang.html
Hangzhou,Panorama Signature Restaurant & Bar,"$$ - $$$, Steakhouse, Barbecue",bubble_50,77 Reviews ,/Restaurant_Review-g298559-d12680377-Reviews-Panorama_Signature_Restaurant_Bar-Hangzhou_Zhejiang.html
Hangzhou,The Grandma's Restaurant (Wai Po Jia),"$$ - $$$, Chinese, Asian",bubble_40,209 Reviews ,/Restaurant_Review-g298559-d1573998-Reviews-The_Grandma_s_Restaurant_Wai_Po_Jia-Hangzhou_Zhejiang.html
Hangzhou,Grandma's Restaurant(Hubin),"$$ - $$$, Chinese, Asian",bubble_40,315 Reviews ,/Restaurant_Review-g298559-d3394298-Reviews-Grandma_s_Restaurant_Hubin-Hangzhou_Zhejiang.html
Hangzhou,Lou WaiLou (GuShan Road),"$$ - $$$, Chinese, Asian",bubble_35,259 Reviews ,/Restaurant_Review-g298559-d1597639-Reviews-Lou_WaiLou_GuShan_Road-Hangzhou_Zhejiang.html
Hangzhou,Asia Bistro,"$$ - $$$, Chinese, Seafood, Sushi",bubble_50,76 Reviews ,/Restaurant_Review-g298559-d3401063-Reviews-Asia_Bistro-Hangzhou_Zhejiang.html
Hangzhou,LvCha (LongJing Road),"$$ - $$$, Chinese, Asian",bubble_40,200 Reviews ,/Restaurant_Review-g298559-d1588190-Reviews-LvCha_LongJing_Road-Hangzhou_Zhejiang.html
Hangzhou,Sawasdee Thai Restaurant,"$$ - $$$, Asian, Thai",bubble_45,144 Reviews ,/Restaurant_Review-g298559-d2516693-Reviews-Sawasdee_Thai_Restaurant-Hangzhou_Zhejiang.html
Hangzhou,Haidilao Hot Pot (Yong Jin Plaza),"$$ - $$$, Chinese, Asian",bubble_45,61 Reviews ,/Restaurant_Review-g298559-d3401614-Reviews-Haidilao_Hot_Pot_Yong_Jin_Plaza-Hangzhou_Zhejiang.html
Hangzhou,XinFeng XiaoChi (QingChun),$,bubble_45,29 Reviews ,/Restaurant_Review-g298559-d3402985-Reviews-XinFeng_XiaoChi_QingChun-Hangzhou_Zhejiang.html
Hangzhou,LvCha (XiHu Yin Tai),"$, Chinese",bubble_45,24 Reviews ,/Restaurant_Review-g298559-d4675105-Reviews-LvCha_XiHu_Yin_Tai-Hangzhou_Zhejiang.html
Hangzhou,BaiLu Restaurant (LongYou Road),"$, Chinese",bubble_40,31 Reviews ,/Restaurant_Review-g298559-d3402943-Reviews-BaiLu_Restaurant_LongYou_Road-Hangzhou_Zhejiang.html
Hangzhou,NongTang Li (LongJing),"$, Chinese",bubble_45,20 Reviews ,/Restaurant_Review-g298559-d4675127-Reviews-NongTang_Li_LongJing-Hangzhou_Zhejiang.html
Hangzhou,Hang Zhou Cafe Courtyard Hangzhou Qianjiang,"$$ - $$$, Chinese, Pizza, Seafood",bubble_50,29 Reviews ,/Restaurant_Review-g298559-d10256535-Reviews-Hang_Zhou_Cafe_Courtyard_Hangzhou_Qianjiang-Hangzhou_Zhejiang.html
Hangzhou,CITY BISTRO,"$$ - $$$, International",bubble_50,28 Reviews ,/Restaurant_Review-g298559-d10430603-Reviews-CITY_BISTRO-Hangzhou_Zhejiang.html
Hangzhou,Starbucks (XiHu TianDi),"$$ - $$$, Cafe",bubble_45,44 Reviews ,/Restaurant_Review-g298559-d3401920-Reviews-Starbucks_XiHu_TianDi-Hangzhou_Zhejiang.html
Hangzhou,WL Bistro (Four Seasons Hotel Hangzhou at West Lake),"$$$$, European, Asian",bubble_45,31 Reviews ,/Restaurant_Review-g298559-d3402330-Reviews-WL_Bistro_Four_Seasons_Hotel_Hangzhou_at_West_Lake-Hangzhou_Zhejiang.html
Tokyo,,,,,
Tokyo,,,,,
Tokyo,,,,,
Tokyo,,,,,
Tokyo,,,,,
Tokyo,,,,,
Tokyo,,,,,
Tokyo,,,,,
Tokyo,Ise Sueyoshi,"$$$$, Japanese, Asian",bubble_50,295 Reviews ,/Restaurant_Review-g1066451-d8261420-Reviews-Ise_Sueyoshi-Minato_Tokyo_Tokyo_Prefecture_Kanto.html
Tokyo,Han no Daidokoro,"$$$$, Barbecue, Japanese, Steakhouse",bubble_50,210 Reviews ,/Restaurant_Review-g1066456-d9743740-Reviews-Han_no_Daidokoro-Shibuya_Tokyo_Tokyo_Prefecture_Kanto.html
Tokyo,Steak House Pound Akihabara,"$$$$, Steakhouse",bubble_50,164 Reviews ,/Restaurant_Review-g1066443-d10783846-Reviews-Steak_House_Pound_Akihabara-Chiyoda_Tokyo_Tokyo_Prefecture_Kanto.html
Tokyo,Tapas Molecular Bar,"$$$$, Fusion",bubble_50,472 Reviews ,/Restaurant_Review-g1066444-d2212678-Reviews-Tapas_Molecular_Bar-Chuo_Tokyo_Tokyo_Prefecture_Kanto.html
Tokyo,"Nabezo, Shinjuku East Entrance","$$ - $$$, Japanese, Asian",bubble_50,450 Reviews ,/Restaurant_Review-g1066457-d8325092-Reviews-Nabezo_Shinjuku_East_Entrance-Shinjuku_Tokyo_Tokyo_Prefecture_Kanto.html
Tokyo,Kaikaya,"$$ - $$$, Japanese, Seafood, Sushi",bubble_45,602 Reviews ,/Restaurant_Review-g1066456-d1177947-Reviews-Kaikaya-Shibuya_Tokyo_Tokyo_Prefecture_Kanto.html
Tokyo,Andy's Shin Hinomoto,"$$ - $$$, Japanese, Seafood, Asian",bubble_45,272 Reviews ,/Restaurant_Review-g1066443-d2423578-Reviews-Andy_s_Shin_Hinomoto-Chiyoda_Tokyo_Tokyo_Prefecture_Kanto.html
Tokyo,Asakusa Okonomiyaki Sometaro,"$$ - $$$, Japanese, Asian",bubble_45,655 Reviews ,/Restaurant_Review-g1066461-d1178514-Reviews-Asakusa_Okonomiyaki_Sometaro-Taito_Tokyo_Tokyo_Prefecture_Kanto.html
Tokyo,Han no Daidokoro Kadochika,"$$ - $$$, Barbecue, Asian, Korean",bubble_50,686 Reviews ,/Restaurant_Review-g1066456-d9743663-Reviews-Han_no_Daidokoro_Kadochika-Shibuya_Tokyo_Tokyo_Prefecture_Kanto.html
Tokyo,star star,"$$ - $$$, Bar, Pub",bubble_50,123 Reviews ,/Restaurant_Review-g1066456-d11746028-Reviews-Star_star-Shibuya_Tokyo_Tokyo_Prefecture_Kanto.html
Tokyo,Glutenfree Cafe Littlebird,"$$ - $$$, Cafe, Japanese, Asian",bubble_50,248 Reviews ,/Restaurant_Review-g1066456-d8449399-Reviews-Glutenfree_Cafe_Littlebird-Shibuya_Tokyo_Tokyo_Prefecture_Kanto.html
Tokyo,300BAR Next,"$$ - $$$, Bar, Pub",bubble_50,138 Reviews ,/Restaurant_Review-g1066443-d10064648-Reviews-300BAR_Next-Chiyoda_Tokyo_Tokyo_Prefecture_Kanto.html
Tokyo,Ippudo Roppongi,"$, Japanese, Asian, Soups",bubble_45,401 Reviews ,/Restaurant_Review-g1066451-d1659036-Reviews-Ippudo_Roppongi-Minato_Tokyo_Tokyo_Prefecture_Kanto.html
Tokyo,"Ichiran, Shibuya","$, Japanese, Asian, Soups",bubble_45,"1,651 Reviews ",/Restaurant_Review-g1066456-d1688898-Reviews-Ichiran_Shibuya-Shibuya_Tokyo_Tokyo_Prefecture_Kanto.html
Tokyo,Uobei Shibuya Dogenzaka,"$, Japanese, Seafood, Fast Food",bubble_45,745 Reviews ,/Restaurant_Review-g1066456-d3871559-Reviews-Uobei_Shibuya_Dogenzaka-Shibuya_Tokyo_Tokyo_Prefecture_Kanto.html
Tokyo,GINZA 300BAR 8CHOME,"$, Pub, Bar",bubble_45,82 Reviews ,/Restaurant_Review-g1066444-d3808458-Reviews-GINZA_300BAR_8CHOME-Chuo_Tokyo_Tokyo_Prefecture_Kanto.html
Tokyo,Shou Tsukiji,"$$ - $$$, Sushi, Japanese, Seafood",bubble_50,68 Reviews ,/Restaurant_Review-g1066444-d12098456-Reviews-Shou_Tsukiji-Chuo_Tokyo_Tokyo_Prefecture_Kanto.html
Tokyo,Suke6 Diner,"$$ - $$$, American, Cafe",bubble_45,111 Reviews ,/Restaurant_Review-g1066461-d7891820-Reviews-Suke6_Diner-Taito_Tokyo_Tokyo_Prefecture_Kanto.html
Tokyo,Girandole,"$$$$, French, European",bubble_40,196 Reviews ,/Restaurant_Review-g1066457-d1198517-Reviews-Girandole-Shinjuku_Tokyo_Tokyo_Prefecture_Kanto.html
Tokyo,Grand Kitchen,"$$$$, European, International",bubble_45,145 Reviews ,/Restaurant_Review-g1066443-d3573039-Reviews-Grand_Kitchen-Chiyoda_Tokyo_Tokyo_Prefecture_Kanto.html
Kyoto,,,,,
Kyoto,,,,,
Kyoto,,,,,
Kyoto,,,,,
Kyoto,,,,,
Kyoto,,,,,
Kyoto,,,,,
Kyoto,,,,,
Kyoto,"Restaurant Matsukiya, Kyoto Shijo","$$$$, Japanese, Steakhouse",bubble_45,261 Reviews ,/Restaurant_Review-g298564-d7074497-Reviews-Restaurant_Matsukiya_Kyoto_Shijo-Kyoto_Kyoto_Prefecture_Kinki.html
Kyoto,Premium Pound Sanjo Kiyamachi,"$$$$, Steakhouse, Barbecue",bubble_45,336 Reviews ,/Restaurant_Review-g298564-d11779206-Reviews-Premium_Pound_Sanjo_Kiyamachi-Kyoto_Kyoto_Prefecture_Kinki.html
Kyoto,Jiki Miyazawa,"$$$$, Japanese, Asian",bubble_50,131 Reviews ,/Restaurant_Review-g298564-d3381658-Reviews-Jiki_Miyazawa-Kyoto_Kyoto_Prefecture_Kinki.html
Kyoto,Hafuu Honten,"$$$$, Japanese, Steakhouse",bubble_45,704 Reviews ,/Restaurant_Review-g298564-d1664829-Reviews-Hafuu_Honten-Kyoto_Kyoto_Prefecture_Kinki.html
Kyoto,Okonomiyaki Katsu,"$, Japanese, Asian",bubble_50,301 Reviews ,/Restaurant_Review-g298564-d7437189-Reviews-Okonomiyaki_Katsu-Kyoto_Kyoto_Prefecture_Kinki.html
Kyoto,Teppan Tavern Tenamonya,"$$ - $$$, Steakhouse, Pub, Japanese",bubble_50,301 Reviews ,/Restaurant_Review-g298564-d3884813-Reviews-Teppan_Tavern_Tenamonya-Kyoto_Kyoto_Prefecture_Kinki.html
Kyoto,Nikumon,"$$ - $$$, Japanese, Asian, Barbecue",bubble_45,159 Reviews ,/Restaurant_Review-g298564-d9675221-Reviews-Nikumon-Kyoto_Kyoto_Prefecture_Kinki.html
Kyoto,Shishin Samurai Restaurant,"$$ - $$$, Bar, Pub, Japanese",bubble_45,505 Reviews ,/Restaurant_Review-g298564-d2170569-Reviews-Shishin_Samurai_Restaurant-Kyoto_Kyoto_Prefecture_Kinki.html
Kyoto,Arash's Kitchen,"$$ - $$$, Turkish, Persian, Indian",bubble_50,908 Reviews ,/Restaurant_Review-g298564-d7459894-Reviews-Arash_s_Kitchen-Kyoto_Kyoto_Prefecture_Kinki.html
Kyoto,Sushi Naritaya,"$$ - $$$, Japanese, Seafood, Sushi",bubble_50,157 Reviews ,/Restaurant_Review-g298564-d11868064-Reviews-Sushi_Naritaya-Kyoto_Kyoto_Prefecture_Kinki.html
Kyoto,Teppanyaki & Sake Bar OAGARI,"$$ - $$$, Steakhouse",bubble_50,115 Reviews ,/Restaurant_Review-g298564-d12951657-Reviews-Teppanyaki_Sake_Bar_OAGARI-Kyoto_Kyoto_Prefecture_Kinki.html
Kyoto,"Hamburg & Steak Pound, Umekoji","$$ - $$$, Fast Food, Barbecue, American",bubble_45,621 Reviews ,/Restaurant_Review-g298564-d7894249-Reviews-Hamburg_Steak_Pound_Umekoji-Kyoto_Kyoto_Prefecture_Kinki.html
Kyoto,Teppanyaki Manryu,"$, Japanese, Asian",bubble_50,93 Reviews ,/Restaurant_Review-g298564-d4222758-Reviews-Teppanyaki_Manryu-Kyoto_Kyoto_Prefecture_Kinki.html
Kyoto,Ramen Sen No Kaze,"$, Japanese, Asian, Soups",bubble_45,703 Reviews ,/Restaurant_Review-g298564-d3788802-Reviews-Ramen_Sen_No_Kaze-Kyoto_Kyoto_Prefecture_Kinki.html
Kyoto,"Musoshin, Gion","$, Japanese, Asian, Soups",bubble_45,288 Reviews ,/Restaurant_Review-g298564-d7122319-Reviews-Musoshin_Gion-Kyoto_Kyoto_Prefecture_Kinki.html
Kyoto,Kyoto Takabashi Honke Daiichi Asahi,"$, Japanese",bubble_45,443 Reviews ,/Restaurant_Review-g298564-d3178693-Reviews-Kyoto_Takabashi_Honke_Daiichi_Asahi-Kyoto_Kyoto_Prefecture_Kinki.html
Kyoto,Wholefood Cafe Apprivoiser,"$$ - $$$, Japanese, Cafe",bubble_50,120 Reviews ,/Restaurant_Review-g298564-d7389942-Reviews-Wholefood_Cafe_Apprivoiser-Kyoto_Kyoto_Prefecture_Kinki.html
Kyoto,"Key's Cafe, Kyoto Yasakanoto","$$ - $$$, Cafe",bubble_50,89 Reviews ,/Restaurant_Review-g298564-d8080795-Reviews-Key_s_Cafe_Kyoto_Yasakanoto-Kyoto_Kyoto_Prefecture_Kinki.html
Kyoto,"Shinshindo, Sanjo Kawaramachi","$$ - $$$, Cafe, International",bubble_45,205 Reviews ,/Restaurant_Review-g298564-d2652635-Reviews-Shinshindo_Sanjo_Kawaramachi-Kyoto_Kyoto_Prefecture_Kinki.html
Kyoto,Smart Coffee,"$$ - $$$, Cafe, International",bubble_40,127 Reviews ,/Restaurant_Review-g298564-d7098974-Reviews-Smart_Coffee-Kyoto_Kyoto_Prefecture_Kinki.html
Osaka,,,,,
Osaka,,,,,
Osaka,,,,,
Osaka,,,,,
Osaka,,,,,
Osaka,,,,,
Osaka,,,,,
Osaka,,,,,
Osaka,"Matsusakagyu Yakiniku M, Hozenji Yokocho","$$$$, Japanese, Steakhouse, Barbecue",bubble_45,"1,031 Reviews ",/Restaurant_Review-g298566-d3270759-Reviews-Matsusakagyu_Yakiniku_M_Hozenji_Yokocho-Osaka_Osaka_Prefecture_Kinki.html
Osaka,La Baie,"$$$$, French, European, Central European",bubble_45,95 Reviews ,/Restaurant_Review-g298566-d1663482-Reviews-La_Baie-Osaka_Osaka_Prefecture_Kinki.html
Osaka,Fujiya 1935,"$$$$, European, International",bubble_45,126 Reviews ,/Restaurant_Review-g298566-d1867756-Reviews-Fujiya_1935-Osaka_Osaka_Prefecture_Kinki.html
Osaka,St. Regis Bar,"$$$$, Bar, Cafe",bubble_45,176 Reviews ,/Restaurant_Review-g298566-d3447428-Reviews-St_Regis_Bar-Osaka_Osaka_Prefecture_Kinki.html
Osaka,Okonomiyaki Chitose,"$, Japanese, Asian",bubble_50,449 Reviews ,/Restaurant_Review-g298566-d7439604-Reviews-Okonomiyaki_Chitose-Osaka_Osaka_Prefecture_Kinki.html
Osaka,Kiji Umeda Sky Bldg.,"$$ - $$$, Japanese, Asian",bubble_45,568 Reviews ,/Restaurant_Review-g298566-d1700891-Reviews-Kiji_Umeda_Sky_Bldg-Osaka_Osaka_Prefecture_Kinki.html
Osaka,Ajinoya,"$$ - $$$, Japanese, Asian",bubble_45,244 Reviews ,/Restaurant_Review-g298566-d1678755-Reviews-Ajinoya-Osaka_Osaka_Prefecture_Kinki.html
Osaka,Fukutaro,"$, Japanese, Asian",bubble_45,199 Reviews ,/Restaurant_Review-g298566-d3610195-Reviews-Fukutaro-Osaka_Osaka_Prefecture_Kinki.html
Osaka,Kuma Kafe,"$$ - $$$, Bar, Pizza, Cafe",bubble_50,567 Reviews ,/Restaurant_Review-g298566-d6483293-Reviews-Kuma_Kafe-Osaka_Osaka_Prefecture_Kinki.html
Osaka,Maidreamin Osaka Nipponbashi OTA Road,"$$ - $$$, Japanese, Cafe",bubble_50,146 Reviews ,/Restaurant_Review-g298566-d8098626-Reviews-Maidreamin_Osaka_Nipponbashi_OTA_Road-Osaka_Osaka_Prefecture_Kinki.html
Osaka,Alto Tritone,"$$ - $$$, Italian, European",bubble_50,134 Reviews ,/Restaurant_Review-g298566-d7729321-Reviews-Alto_Tritone-Osaka_Osaka_Prefecture_Kinki.html
Osaka,GYOZAOH! Dotonbori Store,"$$ - $$$, Japanese, Pub, Asian",bubble_50,146 Reviews ,/Restaurant_Review-g298566-d12995410-Reviews-GYOZAOH_Dotonbori_Store-Osaka_Osaka_Prefecture_Kinki.html
Osaka,Yakumido,"$, Japanese, Asian",bubble_50,66 Reviews ,/Restaurant_Review-g298566-d9974963-Reviews-Yakumido-Osaka_Osaka_Prefecture_Kinki.html
Osaka,Pizza Bar Fullhouse,"$, Bar, Pizza",bubble_45,149 Reviews ,/Restaurant_Review-g298566-d8145278-Reviews-Pizza_Bar_Fullhouse-Osaka_Osaka_Prefecture_Kinki.html
Osaka,Hakata Ippudo Namba,"$, Japanese, Asian, Soups",bubble_45,173 Reviews ,/Restaurant_Review-g298566-d3751812-Reviews-Hakata_Ippudo_Namba-Osaka_Osaka_Prefecture_Kinki.html
Osaka,Hanadako,"$, Japanese",bubble_45,156 Reviews ,/Restaurant_Review-g298566-d6849027-Reviews-Hanadako-Osaka_Osaka_Prefecture_Kinki.html
Osaka,Remone,$$ - $$$,bubble_40,147 Reviews ,/Restaurant_Review-g298566-d2311922-Reviews-Remone-Osaka_Osaka_Prefecture_Kinki.html
Osaka,Amadeus,"$$ - $$$, Italian, International",bubble_40,68 Reviews ,/Restaurant_Review-g298566-d4501163-Reviews-Amadeus-Osaka_Osaka_Prefecture_Kinki.html
Osaka,Eggs 'n Things Shinsaibashi,$$ - $$$,bubble_40,172 Reviews ,/Restaurant_Review-g298566-d4555354-Reviews-Eggs_n_Things_Shinsaibashi-Osaka_Osaka_Prefecture_Kinki.html
Osaka,"Egg'n Things, The Park Front Hotel","$$ - $$$, Cafe, Hawaiian",bubble_40,87 Reviews ,/Restaurant_Review-g298566-d8870959-Reviews-Egg_n_Things_The_Park_Front_Hotel-Osaka_Osaka_Prefecture_Kinki.html
Bangkok,,,,,
Bangkok,,,,,
Bangkok,,,,,
Bangkok,,,,,
Bangkok,,,,,
Bangkok,,,,,
Bangkok,,,,,
Bangkok,,,,,
Bangkok,Colonnade,"$$$$, Asian, International",bubble_45,306 Reviews ,/Restaurant_Review-g293916-d3245859-Reviews-Colonnade-Bangkok.html
Bangkok,Tsu Japanese Restaurant - at the JW Marriott Hotel Bangkok,"$$$$, Japanese, Seafood, Sushi",bubble_50,"1,008 Reviews ",/Restaurant_Review-g293916-d953542-Reviews-Tsu_Japanese_Restaurant_at_the_JW_Marriott_Hotel_Bangkok-Bangkok.html
Bangkok,Nami Teppanyaki Steakhouse - at the JW Marriott Hotel Bangkok,"$$$$, Japanese, Steakhouse, Seafood",bubble_50,"1,339 Reviews ",/Restaurant_Review-g293916-d1906434-Reviews-Nami_Teppanyaki_Steakhouse_at_the_JW_Marriott_Hotel_Bangkok-Bangkok.html
Bangkok,The Reflexions at The Athenee Hotel,"$$$$, French, European, Contemporary",bubble_45,664 Reviews ,/Restaurant_Review-g293916-d1674188-Reviews-The_Reflexions_at_The_Athenee_Hotel-Bangkok.html
Bangkok,Tealicious Bangkok,"$$ - $$$, Thai, International",bubble_45,"2,293 Reviews ",/Restaurant_Review-g293916-d6475518-Reviews-Tealicious_Bangkok-Bangkok.html
Bangkok,PEEPS Thai Eatery,"$$ - $$$, Thai, International, Asian",bubble_45,496 Reviews ,/Restaurant_Review-g293916-d8415918-Reviews-PEEPS_Thai_Eatery-Bangkok.html
Bangkok,Kurissara Thai Cuisine,"$, Asian, Thai",bubble_50,219 Reviews ,/Restaurant_Review-g293916-d12369367-Reviews-Kurissara_Thai_Cuisine-Bangkok.html
Bangkok,The Sixth,"$, Cafe, International, Asian",bubble_50,190 Reviews ,/Restaurant_Review-g293916-d10637904-Reviews-The_Sixth-Bangkok.html
Bangkok,Goji Kitchen + Bar,"$$ - $$$, Japanese, Seafood, European",bubble_50,847 Reviews ,/Restaurant_Review-g293916-d11855830-Reviews-Goji_Kitchen_Bar-Bangkok.html
Bangkok,Latest Recipe - Le Meridien Bangkok,"$$ - $$$, Japanese, Thai, Italian",bubble_45,338 Reviews ,/Restaurant_Review-g293916-d3533251-Reviews-Latest_Recipe_Le_Meridien_Bangkok-Bangkok.html
Bangkok,Riverside Terrace,"$$ - $$$, Seafood, Asian, Thai",bubble_45,447 Reviews ,/Restaurant_Review-g293916-d2708599-Reviews-Riverside_Terrace-Bangkok.html
Bangkok,Pagoda Chinese Restaurant,"$$ - $$$, Chinese, Asian",bubble_50,295 Reviews ,/Restaurant_Review-g293916-d11982661-Reviews-Pagoda_Chinese_Restaurant-Bangkok.html
Bangkok,Kurissara Thai Cuisine,"$, Asian, Thai",bubble_50,219 Reviews ,/Restaurant_Review-g293916-d12369367-Reviews-Kurissara_Thai_Cuisine-Bangkok.html
Bangkok,The Sixth,"$, Cafe, International, Asian",bubble_50,190 Reviews ,/Restaurant_Review-g293916-d10637904-Reviews-The_Sixth-Bangkok.html
Bangkok,Home Cafe Tha Tien,"$, Asian, Thai, Cafe",bubble_45,273 Reviews ,/Restaurant_Review-g293916-d9880447-Reviews-Home_Cafe_Tha_Tien-Bangkok.html
Bangkok,Ama,"$, Asian, Thai",bubble_45,483 Reviews ,/Restaurant_Review-g293916-d3743575-Reviews-Ama-Bangkok.html
Bangkok,Tsu Japanese Restaurant - at the JW Marriott Hotel Bangkok,"$$$$, Japanese, Seafood, Sushi",bubble_50,"1,008 Reviews ",/Restaurant_Review-g293916-d953542-Reviews-Tsu_Japanese_Restaurant_at_the_JW_Marriott_Hotel_Bangkok-Bangkok.html
Bangkok,Nami Teppanyaki Steakhouse - at the JW Marriott Hotel Bangkok,"$$$$, Japanese, Steakhouse, Seafood",bubble_50,"1,339 Reviews ",/Restaurant_Review-g293916-d1906434-Reviews-Nami_Teppanyaki_Steakhouse_at_the_JW_Marriott_Hotel_Bangkok-Bangkok.html
Bangkok,Pagoda Chinese Restaurant,"$$ - $$$, Chinese, Asian",bubble_50,295 Reviews ,/Restaurant_Review-g293916-d11982661-Reviews-Pagoda_Chinese_Restaurant-Bangkok.html
Bangkok,Marriott Cafe - at the JW Marriott Hotel Bangkok,"$$ - $$$, European, Thai, Seafood",bubble_45,519 Reviews ,/Restaurant_Review-g293916-d797417-Reviews-Marriott_Cafe_at_the_JW_Marriott_Hotel_Bangkok-Bangkok.html
Bangkok,Colonnade,"$$$$, Asian, International",bubble_45,306 Reviews ,/Restaurant_Review-g293916-d3245859-Reviews-Colonnade-Bangkok.html
Bangkok,Momo Cafe at Courtyard by Marriott Bangkok,"$$ - $$$, International, American, Cafe",bubble_45,"1,183 Reviews ",/Restaurant_Review-g293916-d3713778-Reviews-Momo_Cafe_at_Courtyard_by_Marriott_Bangkok-Bangkok.html
Bangkok,Latest Recipe - Le Meridien Bangkok,"$$ - $$$, Japanese, Thai, Italian",bubble_45,338 Reviews ,/Restaurant_Review-g293916-d3533251-Reviews-Latest_Recipe_Le_Meridien_Bangkok-Bangkok.html
Bangkok,Snooze Coffee House,"$$ - $$$, Cafe, European",bubble_45,314 Reviews ,/Restaurant_Review-g293916-d9700160-Reviews-Snooze_Coffee_House-Bangkok.html
Chiang Mai,,,,,
Chiang Mai,,,,,
Chiang Mai,,,,,
Chiang Mai,,,,,
Chiang Mai,,,,,
Chiang Mai,,,,,
Chiang Mai,,,,,
Chiang Mai,,,,,
Chiang Mai,David's Kitchen,"$$$$, French, European, Asian",bubble_50,"3,526 Reviews ",/Restaurant_Review-g293917-d5960089-Reviews-David_s_Kitchen-Chiang_Mai.html
Chiang Mai,The Service 1921 Restaurant & Bar,"$$$$, Chinese, Thai, Fusion",bubble_45,769 Reviews ,/Restaurant_Review-g293917-d8006332-Reviews-The_Service_1921_Restaurant_Bar-Chiang_Mai.html
Chiang Mai,Favola at Le Meridien,"$$$$, Italian, European",bubble_45,497 Reviews ,/Restaurant_Review-g293917-d1223588-Reviews-Favola_at_Le_Meridien-Chiang_Mai.html
Chiang Mai,Le Grand Lanna,"$$$$, Asian, Thai",bubble_45,258 Reviews ,/Restaurant_Review-g293917-d877488-Reviews-Le_Grand_Lanna-Chiang_Mai.html
Chiang Mai,Tikky Cafe,"$, Thai",bubble_45,688 Reviews ,/Restaurant_Review-g293917-d4887867-Reviews-Tikky_Cafe-Chiang_Mai.html
Chiang Mai,Cooking Love,"$, Asian, Thai, Healthy",bubble_45,"2,722 Reviews ",/Restaurant_Review-g293917-d4743352-Reviews-Cooking_Love-Chiang_Mai.html
Chiang Mai,Paak Dang Riverside Dining,"$$ - $$$, Bar, Barbecue, Seafood",bubble_45,"1,187 Reviews ",/Restaurant_Review-g293917-d2540161-Reviews-Paak_Dang_Riverside_Dining-Chiang_Mai.html
Chiang Mai,Dash! Restaurant and Bar,"$$ - $$$, Asian, Thai, International",bubble_45,"3,460 Reviews ",/Restaurant_Review-g293917-d2437001-Reviews-Dash_Restaurant_and_Bar-Chiang_Mai.html
Chiang Mai,Sababa Israeli Restaurant,"$$ - $$$, Mediterranean, Healthy, Middle Eastern",bubble_50,"1,214 Reviews ",/Restaurant_Review-g293917-d6459327-Reviews-Sababa_Israeli_Restaurant-Chiang_Mai.html
Chiang Mai,The Hideout,"$$ - $$$, Cafe",bubble_50,"1,241 Reviews ",/Restaurant_Review-g293917-d5121428-Reviews-The_Hideout-Chiang_Mai.html
Chiang Mai,Flight 52,"$$ - $$$, Bar, Pizza, European",bubble_50,220 Reviews ,/Restaurant_Review-g293917-d10432038-Reviews-Flight_52-Chiang_Mai.html
Chiang Mai,Xanadu Pub & Restaurant,"$$ - $$$, Thai",bubble_45,162 Reviews ,/Restaurant_Review-g293917-d3713893-Reviews-Xanadu_Pub_Restaurant-Chiang_Mai.html
Chiang Mai,Rosy-Cheeks,"$, Thai, Fusion, Healthy",bubble_50,115 Reviews ,/Restaurant_Review-g293917-d11872721-Reviews-Rosy_Cheeks-Chiang_Mai.html
Chiang Mai,Tikky Cafe,"$, Thai",bubble_45,688 Reviews ,/Restaurant_Review-g293917-d4887867-Reviews-Tikky_Cafe-Chiang_Mai.html
Chiang Mai,Reform Kafe,"$, Thai",bubble_50,99 Reviews ,/Restaurant_Review-g293917-d10239150-Reviews-Reform_Kafe-Chiang_Mai.html
Chiang Mai,LEON DE Nimman,"$, Italian, French, Thai",bubble_50,113 Reviews ,/Restaurant_Review-g293917-d13170190-Reviews-LEON_DE_Nimman-Chiang_Mai.html
Chiang Mai,The Hideout,"$$ - $$$, Cafe",bubble_50,"1,241 Reviews ",/Restaurant_Review-g293917-d5121428-Reviews-The_Hideout-Chiang_Mai.html
Chiang Mai,Taa-Peng-Cat,"$, Cafe, Healthy",bubble_45,385 Reviews ,/Restaurant_Review-g293917-d3795108-Reviews-Taa_Peng_Cat-Chiang_Mai.html
Chiang Mai,Tanita Coffee House,"$$ - $$$, Healthy, Cafe, Asian",bubble_45,356 Reviews ,/Restaurant_Review-g293917-d6613140-Reviews-Tanita_Coffee_House-Chiang_Mai.html
Chiang Mai,Cafe Arte,"$, American",bubble_50,129 Reviews ,/Restaurant_Review-g293917-d7262599-Reviews-Cafe_Arte-Chiang_Mai.html
Seoul,,,,,
Seoul,,,,,
Seoul,,,,,
Seoul,,,,,
Seoul,,,,,
Seoul,,,,,
Seoul,,,,,
Seoul,,,,,
Seoul,JW's Grill,"$$$$, Steakhouse, Grill",bubble_45,126 Reviews ,/Restaurant_Review-g294197-d4079291-Reviews-JW_s_Grill-Seoul.html
Seoul,Tavolo 24,"$$$$, Japanese, American, Asian",bubble_45,255 Reviews ,/Restaurant_Review-g294197-d6463317-Reviews-Tavolo_24-Seoul.html
Seoul,Ryunique,"$$$$, Fusion",bubble_45,104 Reviews ,/Restaurant_Review-g294197-d7086482-Reviews-Ryunique-Seoul.html
Seoul,Jungsik,"$$$$, Asian, Korean",bubble_45,366 Reviews ,/Restaurant_Review-g294197-d3200324-Reviews-Jungsik-Seoul.html
Seoul,On The Grill Myeongdong,"$$ - $$$, Barbecue, Asian, Korean",bubble_45,144 Reviews ,/Restaurant_Review-g294197-d11906759-Reviews-On_The_Grill_Myeongdong-Seoul.html
Seoul,Mugyodong Bugeokukjib,"$, Asian, Korean, Soups",bubble_45,555 Reviews ,/Restaurant_Review-g294197-d1371740-Reviews-Mugyodong_Bugeokukjib-Seoul.html
Seoul,Tosokchon Samgyetang,"$$ - $$$, Asian, Korean, Soups",bubble_40,"2,174 Reviews ",/Restaurant_Review-g294197-d1174982-Reviews-Tosokchon_Samgyetang-Seoul.html
Seoul,Myeongdong Kyoja Main,"$$ - $$$, Asian, Korean, Soups",bubble_40,"2,738 Reviews ",/Restaurant_Review-g294197-d1196214-Reviews-Myeongdong_Kyoja_Main-Seoul.html
Seoul,Gusto Taco,"$$ - $$$, Mexican, Southwestern, Latin",bubble_45,979 Reviews ,/Restaurant_Review-g294197-d1978666-Reviews-Gusto_Taco-Seoul.html
Seoul,The Griffin Bar,"$$ - $$$, Bar",bubble_50,138 Reviews ,/Restaurant_Review-g294197-d9565154-Reviews-The_Griffin_Bar-Seoul.html
Seoul,Hemlagat,"$$ - $$$, European, Swedish, Scandinavian",bubble_45,117 Reviews ,/Restaurant_Review-g294197-d6904237-Reviews-Hemlagat-Seoul.html
Seoul,Braai Republic,"$$ - $$$, African, Barbecue",bubble_45,323 Reviews ,/Restaurant_Review-g294197-d2330577-Reviews-Braai_Republic-Seoul.html
Seoul,Casablanca Sandwicherie,"$, Moroccan, Middle Eastern",bubble_45,152 Reviews ,/Restaurant_Review-g294197-d5972615-Reviews-Casablanca_Sandwicherie-Seoul.html
Seoul,Jonny Dumpling,"$, Chinese, International, Asian",bubble_45,222 Reviews ,/Restaurant_Review-g294197-d9171053-Reviews-Jonny_Dumpling-Seoul.html
Seoul,18th Street Saloon,"$, Brew Pub, Bar, Pub",bubble_50,50 Reviews ,/Restaurant_Review-g294197-d10486107-Reviews-18th_Street_Saloon-Seoul.html
Seoul,Isaac Toast Myeongdong,"$, Fast Food",bubble_40,551 Reviews ,/Restaurant_Review-g294197-d3457929-Reviews-Isaac_Toast_Myeongdong-Seoul.html
Seoul,Tavolo 24,"$$$$, Japanese, American, Asian",bubble_45,255 Reviews ,/Restaurant_Review-g294197-d6463317-Reviews-Tavolo_24-Seoul.html
Seoul,Migabon,"$$ - $$$, Asian, Korean",bubble_45,485 Reviews ,/Restaurant_Review-g294197-d1237999-Reviews-Migabon-Seoul.html
Seoul,The Park View,"$$$$, International, Asian, Korean",bubble_45,241 Reviews ,/Restaurant_Review-g294197-d3616586-Reviews-The_Park_View-Seoul.html
Seoul,Paris Baguette Gangnam Station,"$, Cafe",bubble_40,241 Reviews ,/Restaurant_Review-g294197-d3329965-Reviews-Paris_Baguette_Gangnam_Station-Seoul.html
Busan,,,,,
Busan,,,,,
Busan,,,,,
Busan,,,,,
Busan,,,,,
Busan,,,,,
Busan,,,,,
Busan,,,,,
Busan,Cabinet,"$$$$, Steakhouse, Italian, European",bubble_45,62 Reviews ,/Restaurant_Review-g297884-d8055180-Reviews-Cabinet-Busan.html
Busan,Living Room,"$$$$, French",bubble_45,32 Reviews ,/Restaurant_Review-g297884-d6876789-Reviews-Living_Room-Busan.html
Busan,Dining Room,"$$$$, Japanese, Steakhouse, Grill",bubble_40,36 Reviews ,/Restaurant_Review-g297884-d6876785-Reviews-Dining_Room-Busan.html
Busan,Camellia,$$$$,bubble_45,35 Reviews ,/Restaurant_Review-g297884-d4033983-Reviews-Camellia-Busan.html
Busan,The Party Haeundae,"$$ - $$$, Seafood, Asian, Korean",bubble_45,186 Reviews ,/Restaurant_Review-g297884-d3957675-Reviews-The_Party_Haeundae-Busan.html
Busan,Songjeong Samdae Gukbop,"$, Asian, Korean, Soups",bubble_40,182 Reviews ,/Restaurant_Review-g297884-d4118373-Reviews-Songjeong_Samdae_Gukbop-Busan.html
Busan,Gaemijip,"$$ - $$$, Seafood, Asian, Korean",bubble_40,168 Reviews ,/Restaurant_Review-g297884-d3600528-Reviews-Gaemijip-Busan.html
Busan,Ssangdoongi Dwaeji Gukbap,"$, Asian, Korean",bubble_40,155 Reviews ,/Restaurant_Review-g297884-d4033847-Reviews-Ssangdoongi_Dwaeji_Gukbap-Busan.html
Busan,Sushi Berry,"$$ - $$$, Japanese, Sushi, Asian",bubble_45,176 Reviews ,/Restaurant_Review-g297884-d5972616-Reviews-Sushi_Berry-Busan.html
Busan,Geumsu Bokkuk Main,"$$ - $$$, Seafood, Asian, Korean",bubble_40,140 Reviews ,/Restaurant_Review-g297884-d3923205-Reviews-Geumsu_Bokkuk_Main-Busan.html
Busan,Punjab Indian Restaurant,"$$ - $$$, Indian, Asian",bubble_45,141 Reviews ,/Restaurant_Review-g297884-d6591972-Reviews-Punjab_Indian_Restaurant-Busan.html
Busan,Anga,"$$ - $$$, Barbecue, Asian, Korean",bubble_45,69 Reviews ,/Restaurant_Review-g297884-d4033780-Reviews-Anga-Busan.html
Busan,Jang Su Sam,"$, Asian, Korean, Soups",bubble_50,90 Reviews ,/Restaurant_Review-g297884-d8472268-Reviews-Jang_Su_Sam-Busan.html
Busan,Bonjeon Dwaeji Gugbap,"$, Asian, Korean",bubble_40,99 Reviews ,/Restaurant_Review-g297884-d2179316-Reviews-Bonjeon_Dwaeji_Gugbap-Busan.html
Busan,Sinchang Toast,$,bubble_45,81 Reviews ,/Restaurant_Review-g297884-d6538724-Reviews-Sinchang_Toast-Busan.html
Busan,Yuganoe Takkalbi,$,bubble_40,50 Reviews ,/Restaurant_Review-g297884-d1315444-Reviews-Yuganoe_Takkalbi-Busan.html
Busan,Wonjo Jeonbokjuk,"$$ - $$$, Asian, Korean",bubble_45,58 Reviews ,/Restaurant_Review-g297884-d4032630-Reviews-Wonjo_Jeonbokjuk-Busan.html
Busan,Jejuga,"$$ - $$$, Seafood, Asian, Korean",bubble_40,190 Reviews ,/Restaurant_Review-g297884-d2037648-Reviews-Jejuga-Busan.html
Busan,Geumsu Bokkuk Main,"$$ - $$$, Seafood, Asian, Korean",bubble_40,140 Reviews ,/Restaurant_Review-g297884-d3923205-Reviews-Geumsu_Bokkuk_Main-Busan.html
Busan,Check in Busan,"$$ - $$$, American",bubble_45,32 Reviews ,/Restaurant_Review-g297884-d9461500-Reviews-Check_in_Busan-Busan.html
Mumbai,,,,,
Mumbai,,,,,
Mumbai,,,,,
Mumbai,,,,,
Mumbai,,,,,
Mumbai,,,,,
Mumbai,,,,,
Mumbai,,,,,
Mumbai,JW Cafe,"$$$$, Japanese, Indian, Cafe",bubble_50,844 Reviews ,/Restaurant_Review-g304554-d8025191-Reviews-JW_Cafe-Mumbai_Maharashtra.html
Mumbai,Nawab Saheb,"$$$$, Indian, Asian",bubble_50,481 Reviews ,/Restaurant_Review-g304554-d3268182-Reviews-Nawab_Saheb-Mumbai_Maharashtra.html
Mumbai,Romano's,"$$$$, Italian, Pizza, European",bubble_50,478 Reviews ,/Restaurant_Review-g304554-d8408070-Reviews-Romano_s-Mumbai_Maharashtra.html
Mumbai,Ark Bar,"$$$$, Bar, Pub, Fusion",bubble_50,271 Reviews ,/Restaurant_Review-g304554-d5998754-Reviews-Ark_Bar-Mumbai_Maharashtra.html
Mumbai,Shree Thaker Bhojanalay,"$$ - $$$, Indian",bubble_45,987 Reviews ,/Restaurant_Review-g304554-d2431689-Reviews-Shree_Thaker_Bhojanalay-Mumbai_Maharashtra.html
Mumbai,The Peshwa Pavilion,"$$$$, Indian, Asian",bubble_45,437 Reviews ,/Restaurant_Review-g304554-d5913048-Reviews-The_Peshwa_Pavilion-Mumbai_Maharashtra.html
Mumbai,Lake View Cafe,"$$$$, Indian, Cafe, Asian",bubble_45,519 Reviews ,/Restaurant_Review-g304554-d1957837-Reviews-Lake_View_Cafe-Mumbai_Maharashtra.html
Mumbai,Trishna Restaurant,"$$ - $$$, Indian, Seafood, Asian",bubble_45,209 Reviews ,/Restaurant_Review-g304554-d5913653-Reviews-Trishna_Restaurant-Mumbai_Maharashtra.html
Mumbai,Boulevard,"$$ - $$$, Indian, Asian",bubble_45,271 Reviews ,/Restaurant_Review-g304554-d801597-Reviews-Boulevard-Mumbai_Maharashtra.html
Mumbai,The Bohri Kitchen,"$$ - $$$, Indian",bubble_50,116 Reviews ,/Restaurant_Review-g304554-d10045932-Reviews-The_Bohri_Kitchen-Mumbai_Maharashtra.html
Mumbai,Mirchi and Mime,"$$ - $$$, Indian, Asian",bubble_45,651 Reviews ,/Restaurant_Review-g304554-d8094901-Reviews-Mirchi_and_Mime-Mumbai_Maharashtra.html
Mumbai,Burma Burma Restaurant & Tea Room,"$$ - $$$, Asian, Burmese",bubble_45,353 Reviews ,/Restaurant_Review-g304554-d6727095-Reviews-Burma_Burma_Restaurant_Tea_Room-Mumbai_Maharashtra.html
Mumbai,Bombay to Barcelona Library Cafe,"$, Indian, Cafe, International",bubble_50,88 Reviews ,/Restaurant_Review-g304554-d10508458-Reviews-Bombay_to_Barcelona_Library_Cafe-Mumbai_Maharashtra.html
Mumbai,Ramashraya Hindu Vishranti Griha Restaurant,"$, Indian",bubble_45,250 Reviews ,/Restaurant_Review-g304554-d1940602-Reviews-Ramashraya_Hindu_Vishranti_Griha_Restaurant-Mumbai_Maharashtra.html
Mumbai,Ram Ashraya Restaurant,"$, Indian",bubble_45,141 Reviews ,/Restaurant_Review-g304554-d8009165-Reviews-Ram_Ashraya_Restaurant-Mumbai_Maharashtra.html
Mumbai,Prakash Shakahari Upahaar Kendra,"$, Indian, Fast Food",bubble_45,148 Reviews ,/Restaurant_Review-g304554-d6875614-Reviews-Prakash_Shakahari_Upahaar_Kendra-Mumbai_Maharashtra.html
Mumbai,Seasonal Tastes,"$$$$, American, Indian, Asian",bubble_45,494 Reviews ,/Restaurant_Review-g304554-d2315466-Reviews-Seasonal_Tastes-Mumbai_Maharashtra.html
Mumbai,Seven Kitchens,"$$$$, Indian, Sushi, Asian",bubble_45,573 Reviews ,/Restaurant_Review-g304554-d3799770-Reviews-Seven_Kitchens-Mumbai_Maharashtra.html
Mumbai,24/7 Restaurant - The Lalit Mumbai,"$$$$, Indian, Asian",bubble_45,590 Reviews ,/Restaurant_Review-g304554-d788892-Reviews-24_7_Restaurant_The_Lalit_Mumbai-Mumbai_Maharashtra.html
Mumbai,Lake View Cafe,"$$$$, Indian, Cafe, Asian",bubble_45,519 Reviews ,/Restaurant_Review-g304554-d1957837-Reviews-Lake_View_Cafe-Mumbai_Maharashtra.html
Bengaluru,,,,,
Bengaluru,,,,,
Bengaluru,,,,,
Bengaluru,,,,,
Bengaluru,,,,,
Bengaluru,,,,,
Bengaluru,,,,,
Bengaluru,,,,,
Bengaluru,Yataii,"$$$$, Japanese, Sushi, Asian",bubble_50,141 Reviews ,/Restaurant_Review-g297628-d9881107-Reviews-Yataii-Bengaluru_Bangalore_District_Karnataka.html
Bengaluru,Alto Vino,"$$$$, Italian, European",bubble_45,379 Reviews ,/Restaurant_Review-g297628-d6216640-Reviews-Alto_Vino-Bengaluru_Bangalore_District_Karnataka.html
Bengaluru,K & K,"$$$$, Indian",bubble_45,414 Reviews ,/Restaurant_Review-g297628-d2216191-Reviews-K_K-Bengaluru_Bangalore_District_Karnataka.html
Bengaluru,Bene,"$$$$, Italian, Pizza, Mediterranean",bubble_45,298 Reviews ,/Restaurant_Review-g297628-d2234005-Reviews-Bene-Bengaluru_Bangalore_District_Karnataka.html
Bengaluru,Time Traveller,"$$ - $$$, Indian, Asian, International",bubble_45,788 Reviews ,/Restaurant_Review-g297628-d1389538-Reviews-Time_Traveller-Bengaluru_Bangalore_District_Karnataka.html
Bengaluru,b Cafe,"$$$$, Chinese, Indian, Cafe",bubble_45,204 Reviews ,/Restaurant_Review-g297628-d8762874-Reviews-B_Cafe-Bengaluru_Bangalore_District_Karnataka.html
Bengaluru,Brahmin's Coffee Bar,"$, Indian, Cafe",bubble_45,908 Reviews ,/Restaurant_Review-g297628-d785691-Reviews-Brahmin_s_Coffee_Bar-Bengaluru_Bangalore_District_Karnataka.html
Bengaluru,Shri Sagar (C.T.R),"$, Indian, Asian",bubble_45,559 Reviews ,/Restaurant_Review-g297628-d850324-Reviews-Shri_Sagar_C_T_R-Bengaluru_Bangalore_District_Karnataka.html
Bengaluru,Whitefield Bar and Grill,"$$ - $$$, Indian, Bar, Barbecue",bubble_50,166 Reviews ,/Restaurant_Review-g297628-d10318504-Reviews-Whitefield_Bar_and_Grill-Bengaluru_Bangalore_District_Karnataka.html
Bengaluru,Kava,"$$ - $$$, Indian, Asian",bubble_45,193 Reviews ,/Restaurant_Review-g297628-d6376016-Reviews-Kava-Bengaluru_Bangalore_District_Karnataka.html
Bengaluru,Toit,"$$ - $$$, Bar, European, Pub",bubble_45,"1,835 Reviews ",/Restaurant_Review-g297628-d2057435-Reviews-Toit-Bengaluru_Bangalore_District_Karnataka.html
Bengaluru,"Barbeque Nation, Bangalore, India","$$ - $$$, Indian, Barbecue, Asian",bubble_45,323 Reviews ,/Restaurant_Review-g297628-d3972665-Reviews-Barbeque_Nation_Bangalore_India-Bengaluru_Bangalore_District_Karnataka.html
Bengaluru,Taaza Thindi,"$, Indian, Fast Food, Asian",bubble_45,190 Reviews ,/Restaurant_Review-g297628-d7243749-Reviews-Taaza_Thindi-Bengaluru_Bangalore_District_Karnataka.html
Bengaluru,Brahmin's Coffee Bar,"$, Indian, Cafe",bubble_45,908 Reviews ,/Restaurant_Review-g297628-d785691-Reviews-Brahmin_s_Coffee_Bar-Bengaluru_Bangalore_District_Karnataka.html
Bengaluru,Shri Sagar (C.T.R),"$, Indian, Asian",bubble_45,559 Reviews ,/Restaurant_Review-g297628-d850324-Reviews-Shri_Sagar_C_T_R-Bengaluru_Bangalore_District_Karnataka.html
Bengaluru,Veena Store,"$, Indian, Fast Food",bubble_45,279 Reviews ,/Restaurant_Review-g297628-d850372-Reviews-Veena_Store-Bengaluru_Bangalore_District_Karnataka.html
Bengaluru,JW Kitchen,"$$$$, International, Asian, Indian",bubble_45,329 Reviews ,/Restaurant_Review-g297628-d4870813-Reviews-JW_Kitchen-Bengaluru_Bangalore_District_Karnataka.html
Bengaluru,Citrus at the Leela Palace Bangalore,"$$$$, Indian, Asian, International",bubble_45,356 Reviews ,/Restaurant_Review-g297628-d2323087-Reviews-Citrus_at_the_Leela_Palace_Bangalore-Bengaluru_Bangalore_District_Karnataka.html
Bengaluru,Le Jardin,"$$$$, Indian, International",bubble_45,256 Reviews ,/Restaurant_Review-g297628-d1379241-Reviews-Le_Jardin-Bengaluru_Bangalore_District_Karnataka.html
Bengaluru,My Place,"$$$$, Indian, European, Asian",bubble_45,117 Reviews ,/Restaurant_Review-g297628-d5238107-Reviews-My_Place-Bengaluru_Bangalore_District_Karnataka.html
New Delhi,,,,,
New Delhi,,,,,
New Delhi,,,,,
New Delhi,,,,,
New Delhi,,,,,
New Delhi,,,,,
New Delhi,,,,,
New Delhi,,,,,
New Delhi,Dvar Indian Restaurant,"$$$$, Indian",bubble_45,293 Reviews ,/Restaurant_Review-g304551-d5964281-Reviews-Dvar_Indian_Restaurant-New_Delhi_National_Capital_Territory_of_Delhi.html
New Delhi,Sorrento,"$$$$, Italian, Pizza, Mediterranean",bubble_50,281 Reviews ,/Restaurant_Review-g304551-d9796435-Reviews-Sorrento-New_Delhi_National_Capital_Territory_of_Delhi.html
New Delhi,"Grappa, New Delhi","$$$$, Bar, Pub, Fusion",bubble_50,240 Reviews ,/Restaurant_Review-g304551-d10050171-Reviews-Grappa_New_Delhi-New_Delhi_National_Capital_Territory_of_Delhi.html
New Delhi,Tian-Asian Cuisine Studio,"$$$$, Asian, Thai",bubble_45,298 Reviews ,/Restaurant_Review-g304551-d7134369-Reviews-Tian_Asian_Cuisine_Studio-New_Delhi_National_Capital_Territory_of_Delhi.html
New Delhi,Jamavar,"$$$$, Indian",bubble_45,210 Reviews ,/Restaurant_Review-g304551-d2468775-Reviews-Jamavar-New_Delhi_National_Capital_Territory_of_Delhi.html
New Delhi,Masala House,"$$ - $$$, Indian",bubble_45,160 Reviews ,/Restaurant_Review-g304551-d8589908-Reviews-Masala_House-New_Delhi_National_Capital_Territory_of_Delhi.html
New Delhi,K3,"$$$$, Italian, Chinese, Indian",bubble_45,806 Reviews ,/Restaurant_Review-g304551-d6352484-Reviews-K3-New_Delhi_National_Capital_Territory_of_Delhi.html
New Delhi,Gulati,"$$ - $$$, Indian, Asian, Balti",bubble_45,"1,717 Reviews ",/Restaurant_Review-g304551-d790553-Reviews-Gulati-New_Delhi_National_Capital_Territory_of_Delhi.html
New Delhi,Cafe Lota,"$$ - $$$, Indian, Cafe, Asian",bubble_45,527 Reviews ,/Restaurant_Review-g304551-d5001898-Reviews-Cafe_Lota-New_Delhi_National_Capital_Territory_of_Delhi.html
New Delhi,Zing,"$$ - $$$, Chinese, Indian, International",bubble_45,238 Reviews ,/Restaurant_Review-g304551-d1140988-Reviews-Zing-New_Delhi_National_Capital_Territory_of_Delhi.html
New Delhi,Carnatic Cafe,"$$ - $$$, Indian",bubble_45,267 Reviews ,/Restaurant_Review-g304551-d3361676-Reviews-Carnatic_Cafe-New_Delhi_National_Capital_Territory_of_Delhi.html
New Delhi,Coast Cafe,"$$ - $$$, Indian, Cafe, Asian",bubble_45,151 Reviews ,/Restaurant_Review-g304551-d5907635-Reviews-Coast_Cafe-New_Delhi_National_Capital_Territory_of_Delhi.html
New Delhi,The Exotic Roof Top Restaurant,"$, Indian, Asian, International",bubble_45,249 Reviews ,/Restaurant_Review-g304551-d6279929-Reviews-The_Exotic_Roof_Top_Restaurant-New_Delhi_National_Capital_Territory_of_Delhi.html
New Delhi,Tadka 4986,"$, Indian, Asian",bubble_45,237 Reviews ,/Restaurant_Review-g304551-d1494695-Reviews-Tadka_4986-New_Delhi_National_Capital_Territory_of_Delhi.html
New Delhi,Night Out Kitchen Cafe Roof Top,"$, Indian, Cafe, Asian",bubble_50,66 Reviews ,/Restaurant_Review-g304551-d13202630-Reviews-Night_Out_Kitchen_Cafe_Roof_Top-New_Delhi_National_Capital_Territory_of_Delhi.html
New Delhi,Andhra Pradesh Bhavan,"$, Indian, Asian",bubble_40,722 Reviews ,/Restaurant_Review-g304551-d808457-Reviews-Andhra_Pradesh_Bhavan-New_Delhi_National_Capital_Territory_of_Delhi.html
New Delhi,The One,"$$$$, Indian, Asian, International",bubble_45,185 Reviews ,/Restaurant_Review-g304551-d3296297-Reviews-The_One-New_Delhi_National_Capital_Territory_of_Delhi.html
New Delhi,AnnaMaya,"$$$$, Indian, European, Asian",bubble_45,175 Reviews ,/Restaurant_Review-g304551-d11928132-Reviews-AnnaMaya-New_Delhi_National_Capital_Territory_of_Delhi.html
New Delhi,K3,"$$$$, Italian, Chinese, Indian",bubble_45,806 Reviews ,/Restaurant_Review-g304551-d6352484-Reviews-K3-New_Delhi_National_Capital_Territory_of_Delhi.html
New Delhi,The Pavilion,"$$$$, Asian, Indian, International",bubble_45,399 Reviews ,/Restaurant_Review-g304551-d939059-Reviews-The_Pavilion-New_Delhi_National_Capital_Territory_of_Delhi.html
Singapore,,,,,
Singapore,,,,,
Singapore,,,,,
Singapore,,,,,
Singapore,,,,,
Singapore,,,,,
Singapore,,,,,
Singapore,,,,,
Singapore,Chef's Table by Chef Stephan Zoisl,"$$$$, French, European",bubble_45,151 Reviews ,/Restaurant_Review-g294265-d8582472-Reviews-Chef_s_Table_by_Chef_Stephan_Zoisl-Singapore.html
Singapore,Colony,"$$$$, Asian, Singaporean, Chinese",bubble_45,"1,186 Reviews ",/Restaurant_Review-g294265-d8571637-Reviews-Colony-Singapore.html
Singapore,Alma By Juan Amador,"$$$$, European, Fusion",bubble_45,280 Reviews ,/Restaurant_Review-g294265-d8504143-Reviews-Alma_By_Juan_Amador-Singapore.html
Singapore,Whitegrass,"$$$$, European, Australian",bubble_45,170 Reviews ,/Restaurant_Review-g294265-d10005598-Reviews-Whitegrass-Singapore.html
Singapore,The National Kitchen by Violet Oon at the National Gallery,"$$ - $$$, Asian, Singaporean",bubble_45,754 Reviews ,/Restaurant_Review-g294265-d9596660-Reviews-The_National_Kitchen_by_Violet_Oon_at_the_National_Gallery-Singapore.html
Singapore,Old Airport Rd Food Centre,"$, Chinese, Asian, Singaporean",bubble_45,507 Reviews ,/Restaurant_Review-g294265-d1146830-Reviews-Old_Airport_Rd_Food_Centre-Singapore.html
Singapore,Lau Pa Sat,"$, Chinese, Japanese, Indian",bubble_40,"1,674 Reviews ",/Restaurant_Review-g294265-d5791814-Reviews-Lau_Pa_Sat-Singapore.html
Singapore,Hua Yu Wee Seafood,"$$ - $$$, Chinese, Seafood, Asian",bubble_45,182 Reviews ,/Restaurant_Review-g294265-d778459-Reviews-Hua_Yu_Wee_Seafood-Singapore.html
Singapore,Entre-Nous creperie,"$$ - $$$, French",bubble_45,572 Reviews ,/Restaurant_Review-g294265-d1193730-Reviews-Entre_Nous_creperie-Singapore.html
Singapore,Positano Risto,"$$ - $$$, Italian, Pizza, European",bubble_45,140 Reviews ,/Restaurant_Review-g294265-d13152787-Reviews-Positano_Risto-Singapore.html
Singapore,BAKALAKI Greek Taverna,"$$ - $$$, Mediterranean, Greek",bubble_45,400 Reviews ,/Restaurant_Review-g294265-d12489846-Reviews-BAKALAKI_Greek_Taverna-Singapore.html
Singapore,PerBacco,"$$ - $$$, Italian, European",bubble_45,205 Reviews ,/Restaurant_Review-g294265-d8287484-Reviews-PerBacco-Singapore.html
Singapore,Old Airport Rd Food Centre,"$, Chinese, Asian, Singaporean",bubble_45,507 Reviews ,/Restaurant_Review-g294265-d1146830-Reviews-Old_Airport_Rd_Food_Centre-Singapore.html
Singapore,Tiong Bahru Food Centre,"$, Chinese, Asian, Singaporean",bubble_45,326 Reviews ,/Restaurant_Review-g294265-d3470146-Reviews-Tiong_Bahru_Food_Centre-Singapore.html
Singapore,Zam Zam,"$, Indian, Asian, Middle Eastern",bubble_40,"1,108 Reviews ",/Restaurant_Review-g294265-d1147215-Reviews-Zam_Zam-Singapore.html
Singapore,East Coast Lagoon Food Village,"$, Chinese, Seafood, Asian",bubble_40,168 Reviews ,/Restaurant_Review-g294265-d2338675-Reviews-East_Coast_Lagoon_Food_Village-Singapore.html
Singapore,Marriott Cafe,"$$ - $$$, Singaporean",bubble_45,913 Reviews ,/Restaurant_Review-g294265-d1028554-Reviews-Marriott_Cafe-Singapore.html
Singapore,Jaan,"$$$$, French, European",bubble_45,608 Reviews ,/Restaurant_Review-g294265-d807776-Reviews-Jaan-Singapore.html
Singapore,"Dolce Vita at Mandarin Oriental, Singapore","$$$$, Italian, European",bubble_45,460 Reviews ,/Restaurant_Review-g294265-d948962-Reviews-Dolce_Vita_at_Mandarin_Oriental_Singapore-Singapore.html
Singapore,"Carousel Buffet, Royal Plaza on Scotts","$$ - $$$, Indian, Seafood, Sushi",bubble_45,"2,294 Reviews ",/Restaurant_Review-g294265-d794086-Reviews-Carousel_Buffet_Royal_Plaza_on_Scotts-Singapore.html
Singapore,Tolido's Espresso Nook,"$$ - $$$, Italian, American, European",bubble_45,164 Reviews ,/Restaurant_Review-g294265-d5860878-Reviews-Tolido_s_Espresso_Nook-Singapore.html
Singapore,Colony,"$$$$, Asian, Singaporean, Chinese",bubble_45,"1,186 Reviews ",/Restaurant_Review-g294265-d8571637-Reviews-Colony-Singapore.html
Singapore,SweetSpot,"$$ - $$$, Cafe",bubble_45,200 Reviews ,/Restaurant_Review-g294265-d3803103-Reviews-SweetSpot-Singapore.html
Singapore,Tiong Bahru Bakery,"$$ - $$$, French, Singaporean, Cafe",bubble_45,476 Reviews ,/Restaurant_Review-g294265-d3543833-Reviews-Tiong_Bahru_Bakery-Singapore.html
Kuala,,,,,
Kuala,,,,,
Kuala,,,,,
Kuala,,,,,
Kuala,,,,,
Kuala,,,,,
Kuala,,,,,
Kuala,,,,,
Kuala,Qureshi Malaysia,"$$$$, Indian, Asian",bubble_45,124 Reviews ,/Restaurant_Review-g298570-d7247738-Reviews-Qureshi_Malaysia-Kuala_Lumpur_Wilayah_Persekutuan.html
Kuala,Skillet At 163,"$$$$, European, Asian",bubble_45,667 Reviews ,/Restaurant_Review-g298570-d3522178-Reviews-Skillet_At_163-Kuala_Lumpur_Wilayah_Persekutuan.html
Kuala,Iketeru Restaurant,"$$$$, Japanese, Seafood, Sushi",bubble_45,342 Reviews ,/Restaurant_Review-g298570-d796300-Reviews-Iketeru_Restaurant-Kuala_Lumpur_Wilayah_Persekutuan.html
Kuala,"Mosaic at Mandarin Oriental, Kuala Lumpur","$$$$, Chinese, Sushi, Asian",bubble_45,545 Reviews ,/Restaurant_Review-g298570-d3461900-Reviews-Mosaic_at_Mandarin_Oriental_Kuala_Lumpur-Kuala_Lumpur_Wilayah_Persekutuan.html
Kuala,Opium KL,"$$ - $$$, Chinese, Asian, Thai",bubble_45,"1,253 Reviews ",/Restaurant_Review-g298570-d6863950-Reviews-Opium_KL-Kuala_Lumpur_Wilayah_Persekutuan.html
Kuala,Vin's Restaurant and Bar,"$$ - $$$, European, Bar, Pub",bubble_45,340 Reviews ,/Restaurant_Review-g298570-d1935181-Reviews-Vin_s_Restaurant_and_Bar-Kuala_Lumpur_Wilayah_Persekutuan.html
Kuala,Manja,"$$ - $$$, European, International, Caucasian",bubble_45,434 Reviews ,/Restaurant_Review-g298570-d8609458-Reviews-Manja-Kuala_Lumpur_Wilayah_Persekutuan.html
Kuala,Tg's Nasi Kandar,"$, Indian, Asian, Malaysian",bubble_45,705 Reviews ,/Restaurant_Review-g298570-d3470466-Reviews-Tg_s_Nasi_Kandar-Kuala_Lumpur_Wilayah_Persekutuan.html
Kuala,Healy Mac's,"$$ - $$$, Irish, Bar, European",bubble_50,98 Reviews ,/Restaurant_Review-g298570-d12254502-Reviews-Healy_Mac_s-Kuala_Lumpur_Wilayah_Persekutuan.html
Kuala,Izakaya Hanazen,"$$ - $$$, Japanese",bubble_50,75 Reviews ,/Restaurant_Review-g298570-d13498219-Reviews-Izakaya_Hanazen-Kuala_Lumpur_Wilayah_Persekutuan.html
Kuala,Dining In The Dark KL,"$$ - $$$, International",bubble_45,"1,489 Reviews ",/Restaurant_Review-g298570-d3677326-Reviews-Dining_In_The_Dark_KL-Kuala_Lumpur_Wilayah_Persekutuan.html
Kuala,The Steakhouse,"$$ - $$$, Steakhouse",bubble_45,"1,014 Reviews ",/Restaurant_Review-g298570-d3870396-Reviews-The_Steakhouse-Kuala_Lumpur_Wilayah_Persekutuan.html
Kuala,Burger on 16,"$, American, Australian, Fast Food",bubble_45,232 Reviews ,/Restaurant_Review-g298570-d12349569-Reviews-Burger_on_16-Kuala_Lumpur_Wilayah_Persekutuan.html
Kuala,Tg's Nasi Kandar,"$, Indian, Asian, Malaysian",bubble_45,705 Reviews ,/Restaurant_Review-g298570-d3470466-Reviews-Tg_s_Nasi_Kandar-Kuala_Lumpur_Wilayah_Persekutuan.html
Kuala,FS Nasi Kandar Corner,"$, Indian, Asian, Malaysian",bubble_45,92 Reviews ,/Restaurant_Review-g298570-d12032654-Reviews-FS_Nasi_Kandar_Corner-Kuala_Lumpur_Wilayah_Persekutuan.html
Kuala,MTR Malaysia,"$, Indian, Asian",bubble_45,99 Reviews ,/Restaurant_Review-g298570-d13195492-Reviews-MTR_Malaysia-Kuala_Lumpur_Wilayah_Persekutuan.html
Kuala,"Mosaic at Mandarin Oriental, Kuala Lumpur","$$$$, Chinese, Sushi, Asian",bubble_45,545 Reviews ,/Restaurant_Review-g298570-d3461900-Reviews-Mosaic_at_Mandarin_Oriental_Kuala_Lumpur-Kuala_Lumpur_Wilayah_Persekutuan.html
Kuala,"AQUA Restaurant & Bar at Mandarin Oriental, Kuala Lumpur","$$ - $$$, International, American, Asian",bubble_45,87 Reviews ,/Restaurant_Review-g298570-d8401491-Reviews-AQUA_Restaurant_Bar_at_Mandarin_Oriental_Kuala_Lumpur-Kuala_Lumpur_Wilayah_Persek.html
Kuala,Contango,"$$ - $$$, Contemporary",bubble_40,279 Reviews ,/Restaurant_Review-g298570-d3723317-Reviews-Contango-Kuala_Lumpur_Wilayah_Persekutuan.html
Kuala,Serena Brasserie,"$$ - $$$, Malaysian, International, Asian",bubble_40,151 Reviews ,/Restaurant_Review-g298570-d3721180-Reviews-Serena_Brasserie-Kuala_Lumpur_Wilayah_Persekutuan.html
Kuala,LOKL Coffee Co.,"$$ - $$$, Cafe",bubble_45,387 Reviews ,/Restaurant_Review-g298570-d3187280-Reviews-LOKL_Coffee_Co-Kuala_Lumpur_Wilayah_Persekutuan.html
Kuala,Antipodean Cafe - Tan & Tan,"$$ - $$$, European, New Zealand, Cafe",bubble_45,170 Reviews ,/Restaurant_Review-g298570-d3608512-Reviews-Antipodean_Cafe_Tan_Tan-Kuala_Lumpur_Wilayah_Persekutuan.html
Kuala,Lucy In The Sky Cafe,"$$ - $$$, Cafe, European",bubble_45,203 Reviews ,/Restaurant_Review-g298570-d5960857-Reviews-Lucy_In_The_Sky_Cafe-Kuala_Lumpur_Wilayah_Persekutuan.html
Kuala,VCR,"$$ - $$$, American, European, Australian",bubble_45,340 Reviews ,/Restaurant_Review-g298570-d5431913-Reviews-VCR-Kuala_Lumpur_Wilayah_Persekutuan.html
Kathmandu,,,,,
Kathmandu,,,,,
Kathmandu,,,,,
Kathmandu,,,,,
Kathmandu,,,,,
Kathmandu,,,,,
Kathmandu,,,,,
Kathmandu,,,,,
Kathmandu,Dwarika's Hotel,"$$$$, Nepali, Asian",bubble_45,316 Reviews ,/Restaurant_Review-g293890-d1155247-Reviews-Dwarika_s_Hotel-Kathmandu_Kathmandu_Valley_Bagmati_Zone_Central_Region.html
Kathmandu,Krishnarpan Restaurant,"$$$$, Asian, Nepali",bubble_45,170 Reviews ,/Restaurant_Review-g293890-d1155271-Reviews-Krishnarpan_Restaurant-Kathmandu_Kathmandu_Valley_Bagmati_Zone_Central_Region.html
Kathmandu,The Old House,"$$$$, European, Fusion",bubble_45,120 Reviews ,/Restaurant_Review-g293890-d7247464-Reviews-The_Old_House-Kathmandu_Kathmandu_Valley_Bagmati_Zone_Central_Region.html
Kathmandu,Le Sherpa,"$$$$, European, French",bubble_45,135 Reviews ,/Restaurant_Review-g293890-d2519132-Reviews-Le_Sherpa-Kathmandu_Kathmandu_Valley_Bagmati_Zone_Central_Region.html
Kathmandu,Western Kitchen,"$, Italian, American, European",bubble_50,329 Reviews ,/Restaurant_Review-g293890-d12170588-Reviews-Western_Kitchen-Kathmandu_Kathmandu_Valley_Bagmati_Zone_Central_Region.html
Kathmandu,Sarangi Vegetarian Restaurant,"$$ - $$$, Indian, Fusion, Cafe",bubble_45,230 Reviews ,/Restaurant_Review-g293890-d7181862-Reviews-Sarangi_Vegetarian_Restaurant-Kathmandu_Kathmandu_Valley_Bagmati_Zone_Central_Reg.html
Kathmandu,Western Tandoori,"$, Indian, Asian, Nepali",bubble_45,296 Reviews ,/Restaurant_Review-g293890-d4327738-Reviews-Western_Tandoori-Kathmandu_Kathmandu_Valley_Bagmati_Zone_Central_Region.html
Kathmandu,Yangling Tibetan Restaurant,"$, Chinese, Asian, Tibetan",bubble_45,583 Reviews ,/Restaurant_Review-g293890-d1514099-Reviews-Yangling_Tibetan_Restaurant-Kathmandu_Kathmandu_Valley_Bagmati_Zone_Central_Regio.html
Kathmandu,Forest and Plate,"$$ - $$$, European, Asian, Nepali",bubble_50,174 Reviews ,/Restaurant_Review-g293890-d12506732-Reviews-Forest_and_Plate-Kathmandu_Kathmandu_Valley_Bagmati_Zone_Central_Region.html
Kathmandu,Nirvana Cafe & Restaurant,"$$ - $$$, Cafe, Asian, Nepali",bubble_50,89 Reviews ,/Restaurant_Review-g293890-d4555464-Reviews-Nirvana_Cafe_Restaurant-Kathmandu_Kathmandu_Valley_Bagmati_Zone_Central_Region.html
Kathmandu,Kathmandu Steak House Restaurant,"$$ - $$$, Steakhouse, European, Nepali",bubble_45,524 Reviews ,/Restaurant_Review-g293890-d10437030-Reviews-Kathmandu_Steak_House_Restaurant-Kathmandu_Kathmandu_Valley_Bagmati_Zone_Central.html
Kathmandu,Mahaaja,"$$ - $$$, Japanese, Asian, Nepali",bubble_45,147 Reviews ,/Restaurant_Review-g293890-d4242170-Reviews-Mahaaja-Kathmandu_Kathmandu_Valley_Bagmati_Zone_Central_Region.html
Kathmandu,Thamel Doner Kebab,"$, Fast Food, Mediterranean, Middle Eastern",bubble_50,353 Reviews ,/Restaurant_Review-g293890-d12067637-Reviews-Thamel_Doner_Kebab-Kathmandu_Kathmandu_Valley_Bagmati_Zone_Central_Region.html
Kathmandu,Melrose Restaurant & Bar,"$, American, Bar, International",bubble_50,112 Reviews ,/Restaurant_Review-g293890-d12905831-Reviews-Melrose_Restaurant_Bar-Kathmandu_Kathmandu_Valley_Bagmati_Zone_Central_Region.html
Kathmandu,Fusion Kitchen Restaurant,"$, Indian, Asian, Nepali",bubble_50,98 Reviews ,/Restaurant_Review-g293890-d11810896-Reviews-Fusion_Kitchen_Restaurant-Kathmandu_Kathmandu_Valley_Bagmati_Zone_Central_Region.html
Kathmandu,Western Tandoori,"$, Indian, Asian, Nepali",bubble_45,296 Reviews ,/Restaurant_Review-g293890-d4327738-Reviews-Western_Tandoori-Kathmandu_Kathmandu_Valley_Bagmati_Zone_Central_Region.html
Kathmandu,French Bakery kathmandu,"$$ - $$$, Australian, French, European",bubble_45,219 Reviews ,/Restaurant_Review-g293890-d7856617-Reviews-French_Bakery_kathmandu-Kathmandu_Kathmandu_Valley_Bagmati_Zone_Central_Region.html
Kathmandu,Sum Cafe,"$$ - $$$, Cafe, Asian, Korean",bubble_45,150 Reviews ,/Restaurant_Review-g293890-d7283356-Reviews-Sum_Cafe-Kathmandu_Kathmandu_Valley_Bagmati_Zone_Central_Region.html
Kathmandu,Revolution Cafe & Restaurant,"$$ - $$$, Bar, Cafe, European",bubble_45,439 Reviews ,/Restaurant_Review-g293890-d3583714-Reviews-Revolution_Cafe_Restaurant-Kathmandu_Kathmandu_Valley_Bagmati_Zone_Central_Region.html
Kathmandu,Rosemary Kitchen & Coffee Shop,"$$ - $$$, Indian, European, Asian",bubble_45,"1,356 Reviews ",/Restaurant_Review-g293890-d4090661-Reviews-Rosemary_Kitchen_Coffee_Shop-Kathmandu_Kathmandu_Valley_Bagmati_Zone_Central_Regi.html
Colombo,,,,,
Colombo,,,,,
Colombo,,,,,
Colombo,,,,,
Colombo,,,,,
Colombo,,,,,
Colombo,,,,,
Colombo,,,,,
Colombo,The London Grill,"$$$$, Steakhouse, European, International",bubble_45,266 Reviews ,/Restaurant_Review-g293962-d2458789-Reviews-The_London_Grill-Colombo_Western_Province.html
Colombo,The Lagoon,"$$$$, Seafood, Asian, Sri Lankan",bubble_45,"1,425 Reviews ",/Restaurant_Review-g293962-d1007094-Reviews-The_Lagoon-Colombo_Western_Province.html
Colombo,Shang Palace,"$$$$, Chinese",bubble_45,139 Reviews ,/Restaurant_Review-g293962-d13148335-Reviews-Shang_Palace-Colombo_Western_Province.html
Colombo,Tintagel Colombo - Paradise Road,"$$$$, Fusion, Sri Lankan, Contemporary",bubble_45,227 Reviews ,/Restaurant_Review-g293962-d2667381-Reviews-Tintagel_Colombo_Paradise_Road-Colombo_Western_Province.html
Colombo,Nuga Gama at Cinnamon Grand Colombo,"$$ - $$$, Asian, Sri Lankan",bubble_45,652 Reviews ,/Restaurant_Review-g293962-d3267177-Reviews-Nuga_Gama_at_Cinnamon_Grand_Colombo-Colombo_Western_Province.html
Colombo,Seafood Cove,"$$ - $$$, Seafood, Asian, Sri Lankan",bubble_45,321 Reviews ,/Restaurant_Review-g293962-d1133608-Reviews-Seafood_Cove-Colombo_Western_Province.html
Colombo,Isso,"$$ - $$$, Seafood, Asian, Sri Lankan",bubble_45,234 Reviews ,/Restaurant_Review-g293962-d10157533-Reviews-Isso-Colombo_Western_Province.html
Colombo,Palmyrah Restaurant,"$$ - $$$, Asian, Sri Lankan",bubble_45,233 Reviews ,/Restaurant_Review-g293962-d1133594-Reviews-Palmyrah_Restaurant-Colombo_Western_Province.html
Colombo,Tao,$$ - $$$,bubble_45,295 Reviews ,/Restaurant_Review-g293962-d6495691-Reviews-Tao-Colombo_Western_Province.html
Colombo,Table One,"$$ - $$$, International, Asian, Sri Lankan",bubble_45,189 Reviews ,/Restaurant_Review-g293962-d13148338-Reviews-Table_One-Colombo_Western_Province.html
Colombo,Graze Kitchen,"$$ - $$$, Chinese, Japanese, Indian",bubble_45,227 Reviews ,/Restaurant_Review-g293962-d11667290-Reviews-Graze_Kitchen-Colombo_Western_Province.html
Colombo,Ikoi Tei,"$$ - $$$, Japanese, Sushi, Seafood",bubble_45,341 Reviews ,/Restaurant_Review-g293962-d9561665-Reviews-Ikoi_Tei-Colombo_Western_Province.html
Colombo,Momo's by Ruvi,"$, Asian, Chinese",bubble_45,45 Reviews ,/Restaurant_Review-g293962-d12332905-Reviews-Momo_s_by_Ruvi-Colombo_Western_Province.html
Colombo,Burgers king,"$, Fast Food",bubble_40,235 Reviews ,/Restaurant_Review-g293962-d2388764-Reviews-Burgers_king-Colombo_Western_Province.html
Colombo,Hotel De Pilawoos,"$, Fast Food, Asian, Sri Lankan",bubble_40,230 Reviews ,/Restaurant_Review-g293962-d1051312-Reviews-Hotel_De_Pilawoos-Colombo_Western_Province.html
Colombo,Curry Pot,"$, Asian, Sri Lankan",bubble_45,43 Reviews ,/Restaurant_Review-g293962-d9765787-Reviews-Curry_Pot-Colombo_Western_Province.html
Colombo,Table One,"$$ - $$$, International, Asian, Sri Lankan",bubble_45,189 Reviews ,/Restaurant_Review-g293962-d13148338-Reviews-Table_One-Colombo_Western_Province.html
Colombo,Graze Kitchen,"$$ - $$$, Chinese, Japanese, Indian",bubble_45,227 Reviews ,/Restaurant_Review-g293962-d11667290-Reviews-Graze_Kitchen-Colombo_Western_Province.html
Colombo,The Dining room at Cinnamon Lakeside Colombo,"$$ - $$$, Asian, International, Fusion",bubble_45,211 Reviews ,/Restaurant_Review-g293962-d2424872-Reviews-The_Dining_room_at_Cinnamon_Lakeside_Colombo-Colombo_Western_Province.html
Colombo,Taprobane,"$$ - $$$, Sushi, Asian, Sri Lankan",bubble_45,393 Reviews ,/Restaurant_Review-g293962-d2432178-Reviews-Taprobane-Colombo_Western_Province.html
Ho Chi Minh City,,,,,
Ho Chi Minh City,,,,,
Ho Chi Minh City,,,,,
Ho Chi Minh City,,,,,
Ho Chi Minh City,,,,,
Ho Chi Minh City,,,,,
Ho Chi Minh City,,,,,
Ho Chi Minh City,,,,,
Ho Chi Minh City,Noir.,"$$ - $$$, European, Asian, Vietnamese",bubble_50,"1,606 Reviews ",/Restaurant_Review-g293925-d7157553-Reviews-Noir-Ho_Chi_Minh_City.html
Ho Chi Minh City,La Villa French Restaurant,"$$$$, French",bubble_45,969 Reviews ,/Restaurant_Review-g293925-d2034882-Reviews-La_Villa_French_Restaurant-Ho_Chi_Minh_City.html
Ho Chi Minh City,R&J Italian Lounge & Restaurant,"$$$$, Italian",bubble_45,201 Reviews ,/Restaurant_Review-g293925-d7146387-Reviews-R_J_Italian_Lounge_Restaurant-Ho_Chi_Minh_City.html
Ho Chi Minh City,Trois Gourmands,"$$$$, French, European",bubble_45,714 Reviews ,/Restaurant_Review-g293925-d1832810-Reviews-Trois_Gourmands-Ho_Chi_Minh_City.html
Ho Chi Minh City,Home Finest Saigon Restaurant,"$$ - $$$, Vietnamese, Asian",bubble_50,434 Reviews ,/Restaurant_Review-g293925-d12856245-Reviews-Home_Finest_Saigon_Restaurant-Ho_Chi_Minh_City.html
Ho Chi Minh City,Den Long - Home Cooked Vietnamese Restaurant,"$$ - $$$, Asian, Vietnamese",bubble_45,733 Reviews ,/Restaurant_Review-g293925-d11962759-Reviews-Den_Long_Home_Cooked_Vietnamese_Restaurant-Ho_Chi_Minh_City.html
Ho Chi Minh City,Bun Cha 145 Bui Vien,"$, Asian, Vietnamese, Deli",bubble_45,"1,820 Reviews ",/Restaurant_Review-g293925-d7844724-Reviews-Bun_Cha_145_Bui_Vien-Ho_Chi_Minh_City.html
Ho Chi Minh City,26 De Tham Restaurant,"$, Seafood, Asian, Grill",bubble_45,185 Reviews ,/Restaurant_Review-g293925-d10744326-Reviews-26_De_Tham_Restaurant-Ho_Chi_Minh_City.html
Ho Chi Minh City,Mam Vietnamese Restaurant,"$$ - $$$, Asian, Vietnamese, Seafood",bubble_50,244 Reviews ,/Restaurant_Review-g293925-d13276558-Reviews-Mam_Vietnamese_Restaurant-Ho_Chi_Minh_City.html
Ho Chi Minh City,B3 Steakhouse & Craft beer,"$$ - $$$, Steakhouse, Bar, European",bubble_45,475 Reviews ,/Restaurant_Review-g293925-d10317597-Reviews-B3_Steakhouse_Craft_beer-Ho_Chi_Minh_City.html
Ho Chi Minh City,"Hum Vegetarian, Cafe & Restaurant","$$ - $$$, Asian",bubble_45,"1,767 Reviews ",/Restaurant_Review-g293925-d3682545-Reviews-Hum_Vegetarian_Cafe_Restaurant-Ho_Chi_Minh_City.html
Ho Chi Minh City,Pizza 4P's Ben Thanh,"$$ - $$$, Pizza, Italian, European",bubble_45,310 Reviews ,/Restaurant_Review-g293925-d10865662-Reviews-Pizza_4P_s_Ben_Thanh-Ho_Chi_Minh_City.html
Ho Chi Minh City,Poke Saigon,"$, American, Healthy, Hawaiian",bubble_50,242 Reviews ,/Restaurant_Review-g293925-d12130500-Reviews-Poke_Saigon-Ho_Chi_Minh_City.html
Ho Chi Minh City,King Kebab,"$, Mediterranean, Middle Eastern, Arabic",bubble_50,438 Reviews ,/Restaurant_Review-g293925-d12847465-Reviews-King_Kebab-Ho_Chi_Minh_City.html
Ho Chi Minh City,Nonla Guys,"$, Mexican, Asian, Korean",bubble_45,492 Reviews ,/Restaurant_Review-g293925-d12518988-Reviews-Nonla_Guys-Ho_Chi_Minh_City.html
Ho Chi Minh City,Bun Cha 145 Bui Vien,"$, Asian, Vietnamese, Deli",bubble_45,"1,820 Reviews ",/Restaurant_Review-g293925-d7844724-Reviews-Bun_Cha_145_Bui_Vien-Ho_Chi_Minh_City.html
Ho Chi Minh City,The Vintage Emporium,"$$ - $$$, Cafe, Healthy, European",bubble_45,220 Reviews ,/Restaurant_Review-g293925-d6864663-Reviews-The_Vintage_Emporium-Ho_Chi_Minh_City.html
Ho Chi Minh City,The Note Coffee,"$, Cafe, Vietnamese, Street Food",bubble_45,195 Reviews ,/Restaurant_Review-g293925-d12338492-Reviews-The_Note_Coffee-Ho_Chi_Minh_City.html
Ho Chi Minh City,Goc Ha Noi,"$, Cafe, Asian, Vietnamese",bubble_50,185 Reviews ,/Restaurant_Review-g293925-d11827161-Reviews-Goc_Ha_Noi-Ho_Chi_Minh_City.html
Ho Chi Minh City,The Hungry Pig,"$, Cafe, European, Deli",bubble_45,369 Reviews ,/Restaurant_Review-g293925-d4680274-Reviews-The_Hungry_Pig-Ho_Chi_Minh_City.html
Hanoi,,,,,
Hanoi,,,,,
Hanoi,,,,,
Hanoi,,,,,
Hanoi,,,,,
Hanoi,,,,,
Hanoi,,,,,
Hanoi,,,,,
Hanoi,Red Bean Central Restaurant,"$$$$, Southwestern, Asian, Fusion",bubble_50,116 Reviews ,/Restaurant_Review-g293924-d13108653-Reviews-Red_Bean_Central_Restaurant-Hanoi.html
Hanoi,French Grill,"$$$$, Seafood, French, European",bubble_50,730 Reviews ,/Restaurant_Review-g293924-d5259465-Reviews-French_Grill-Hanoi.html
Hanoi,Marvel Restaurant,"$$$$, Asian, Fusion, Vietnamese",bubble_45,336 Reviews ,/Restaurant_Review-g293924-d12231278-Reviews-Marvel_Restaurant-Hanoi.html
Hanoi,Grill 63,"$$$$, Steakhouse, European, Grill",bubble_50,183 Reviews ,/Restaurant_Review-g293924-d7275987-Reviews-Grill_63-Hanoi.html
Hanoi,The Hung Snake Restaurant,"$$ - $$$, Vietnamese",bubble_50,548 Reviews ,/Restaurant_Review-g293924-d4587353-Reviews-The_Hung_Snake_Restaurant-Hanoi.html
Hanoi,Duong's Restaurant & Cooking Class,"$$ - $$$, International, Fusion, Vietnamese",bubble_50,"1,243 Reviews ",/Restaurant_Review-g293924-d11729286-Reviews-Duong_s_Restaurant_Cooking_Class-Hanoi.html
Hanoi,Hong Hoai's Restaurant,"$, European, Vietnamese, Asian",bubble_50,627 Reviews ,/Restaurant_Review-g293924-d12793763-Reviews-Hong_Hoai_s_Restaurant-Hanoi.html
Hanoi,Duong's 2 Restaurant & Cooking Class,"$$ - $$$, International, Asian, Fusion",bubble_50,390 Reviews ,/Restaurant_Review-g293924-d12593669-Reviews-Duong_s_2_Restaurant_Cooking_Class-Hanoi.html
Hanoi,JW Cafe,"$$ - $$$, Chinese, Asian, Vietnamese",bubble_50,"1,054 Reviews ",/Restaurant_Review-g293924-d5498587-Reviews-JW_Cafe-Hanoi.html
Hanoi,Red Bean Restaurant,"$$ - $$$, European, Asian, Vietnamese",bubble_45,"1,802 Reviews ",/Restaurant_Review-g293924-d7350728-Reviews-Red_Bean_Restaurant-Hanoi.html
Hanoi,Thang Long Deli Restaurant,"$$ - $$$, International, Asian, Vietnamese",bubble_50,216 Reviews ,/Restaurant_Review-g293924-d11864760-Reviews-Thang_Long_Deli_Restaurant-Hanoi.html
Hanoi,Gia Ngu Restaurant,"$$ - $$$, Asian, Vietnamese, International",bubble_45,"1,222 Reviews ",/Restaurant_Review-g293924-d7103885-Reviews-Gia_Ngu_Restaurant-Hanoi.html
Hanoi,Kebab & Co,"$, Fast Food, Middle Eastern",bubble_50,324 Reviews ,/Restaurant_Review-g293924-d12907802-Reviews-Kebab_Co-Hanoi.html
Hanoi,Hong Hoai's Restaurant,"$, European, Vietnamese, Asian",bubble_50,627 Reviews ,/Restaurant_Review-g293924-d12793763-Reviews-Hong_Hoai_s_Restaurant-Hanoi.html
Hanoi,Garden House Restaurant,"$, European, Asian, Vietnamese",bubble_45,690 Reviews ,/Restaurant_Review-g293924-d12357613-Reviews-Garden_House_Restaurant-Hanoi.html
Hanoi,Green Farm Restaurant,"$, European, Asian, Vietnamese",bubble_45,777 Reviews ,/Restaurant_Review-g293924-d12504250-Reviews-Green_Farm_Restaurant-Hanoi.html
Hanoi,Serene Cuisine Restaurant,"$$ - $$$, Asian, Vietnamese",bubble_50,78 Reviews ,/Restaurant_Review-g293924-d12586476-Reviews-Serene_Cuisine_Restaurant-Hanoi.html
Hanoi,Emm's Cafe Bistro,"$$ - $$$, French, Cafe, European",bubble_50,124 Reviews ,/Restaurant_Review-g293924-d10375733-Reviews-Emm_s_Cafe_Bistro-Hanoi.html
Hanoi,S'Patisserie,"$$ - $$$, Cafe, European",bubble_50,801 Reviews ,/Restaurant_Review-g293924-d9982375-Reviews-S_Patisserie-Hanoi.html
Hanoi,Red Bean Central Restaurant,"$$$$, Southwestern, Asian, Fusion",bubble_50,116 Reviews ,/Restaurant_Review-g293924-d13108653-Reviews-Red_Bean_Central_Restaurant-Hanoi.html
