City Name,Tour Name,Price,Rating,Review Number,Web Link
Beijing,"Mutianyu Great Wall, Summer Palace...",$99.00*,bubble_50,96 Reviews ,/AttractionProductReview-g294212-d11459745-All_Inclusive_Private_Day_Tour_to_Great_Wall_and_Summer_Palace-Beijing.html
Beijing,Mutianyu Great Wall and Beijing City...,$98.00*,bubble_40,72 Reviews ,
Beijing,"Beijing Forbidden City, Tiananmen...",$129.00*,bubble_50,100 Reviews ,/AttractionProductReview-g294212-d11455267-Beijing_Forbidden_City_Tour_with_Great_Wall_Hiking_at_Mutianyu-Beijing.html
Beijing,Great Wall at Badaling and Ming Tombs...,$72.99*,bubble_45,437 Reviews ,
Beijing,Private Mutianyu Great Wall Trip with...,$45.00*,bubble_50,104 Reviews ,/AttractionProductReview-g294212-d11455479-Private_Mutianyu_Great_Wall_Trip_with_English_Speaking_Driver-Beijing.html
Beijing,"Tiananmen Square, Forbidden City...",$78.00*,bubble_50,37 Reviews ,
Beijing,"Mutianyu Great Wall, Summer Palace...",$99.00*,bubble_50,96 Reviews ,/AttractionProductReview-g294212-d11459745-All_Inclusive_Private_Day_Tour_to_Great_Wall_and_Summer_Palace-Beijing.html
Beijing,Great Wall at Mutianyu Small-Group...,$80.00*,bubble_50,30 Reviews ,
Beijing,Great Wall of China at Mutianyu Tour...,$64.99*,bubble_40,343 Reviews ,
Beijing,Great Wall at Badaling and Ming Tombs...,$72.99*,bubble_45,437 Reviews ,
Beijing,"Beijing's Forbidden City, Tiananmen...",$82.99*,bubble_40,315 Reviews ,
Beijing,"Beijing Forbidden City, Tiananmen...",$129.00*,bubble_50,100 Reviews ,/AttractionProductReview-g294212-d11455267-Beijing_Forbidden_City_Tour_with_Great_Wall_Hiking_at_Mutianyu-Beijing.html
Beijing,Mutianyu Great Wall and Beijing City...,$98.00*,bubble_40,72 Reviews ,
Beijing,Private Beijing Tour: Temple of...,$122.00*,bubble_50,36 Reviews ,
Beijing,"Tiananmen Sq., Forbidden City, Temple...",$140.00*,bubble_50,55 Reviews ,
Beijing,Badaling Great Wall and Ming Tombs...,$45.00*,bubble_35,19 Reviews ,
Beijing,Xi'an Tour from Beijing by Air with...,$768.00*,bubble_50,17 Reviews ,
Beijing,Mutianyu Great Wall Private Tour with...,$100.00*,bubble_50,75 Reviews ,
Beijing,"Tiananmen Square, Forbidden City...",$78.00*,bubble_50,37 Reviews ,
Beijing,Private Mutianyu Great Wall Day Tour...,$40.00*,bubble_50,21 Reviews ,
Beijing,Private Mutianyu Great Wall Trip with...,$45.00*,bubble_50,104 Reviews ,/AttractionProductReview-g294212-d11455479-Private_Mutianyu_Great_Wall_Trip_with_English_Speaking_Driver-Beijing.html
Beijing,Coach Tour: Simatai Great Wall And...,$55.00*,bubble_50,12 Reviews ,
Beijing,Mutianyu Great Wall of China Private...,$46.00*,bubble_50,18 Reviews ,/AttractionProductReview-g294212-d11472278-Beijing_Mutianyu_Great_Wall_Private_Day_Trip_with_English_Speaking_Driver-Beijing.html
Beijing,Mutianyu Great Wall Full-Day Private...,$50.00*,bubble_50,16 Reviews ,
Beijing,Terracotta Warriors Essential Full...,$108.99*,bubble_45,160 Reviews ,
Beijing,Mutianyu Great Wall and Ming Tombs by...,$39.00*,bubble_40,38 Reviews ,/AttractionProductReview-g294212-d11453451-Beijing_Day_Trip_of_Mutianyu_Great_Wall_and_Ming_Tombs_by_Bus-Beijing.html
Beijing,Beijing History Tour: Summer Palace...,$54.99*,bubble_45,148 Reviews ,
Beijing,Private Beijing Tour: Temple of...,$122.00*,bubble_50,36 Reviews ,
Beijing,Great Wall Hike: Simatai West to...,$136.00*,bubble_50,110 Reviews ,
Beijing,Private Great Wall Hiking from...,$68.00*,bubble_50,30 Reviews ,
Beijing,Mutianyu Great Wall Private Tour with...,$100.00*,bubble_50,75 Reviews ,
Beijing,Group Great Wall Hiking Tour from...,$31.99*,bubble_50,65 Reviews ,
Beijing,3-Day Beijing Sightseeing Private...,$235.00*,bubble_50,18 Reviews ,
Beijing,8-Day Small-Group China Tour: Beijing...,"$1,190.00*",bubble_50,20 Reviews ,
Beijing,3-Day Private Hiking Adventure on the...,$390.32*,bubble_50,1 Review ,
Beijing,Private 8-Day China Tour: Beijing...,"$1,562.00*",bubble_50,1 Review ,
Beijing,Great Wall at Badaling and Ming Tombs...,$72.99*,bubble_45,437 Reviews ,
Beijing,Beijing Tour: Badaling Great Wall...,$86.99*,bubble_45,187 Reviews ,
Beijing,Beijing Highlights Full-Day Bus Tour,$28.00*,bubble_45,48 Reviews ,
Beijing,Beijing History Tour: Summer Palace...,$54.99*,bubble_45,148 Reviews ,
Beijing,Mutianyu Great Wall and Ming Tombs by...,$39.00*,bubble_40,38 Reviews ,/AttractionProductReview-g294212-d11453451-Beijing_Day_Trip_of_Mutianyu_Great_Wall_and_Ming_Tombs_by_Bus-Beijing.html
Beijing,Small Group Day Tour of Beijing...,$94.00*,bubble_50,10 Reviews ,
Beijing,3-Day Coach Tour including Great...,$258.00*,bubble_40,10 Reviews ,
Beijing,"Tiananmen Square, Forbidden City...",$69.00*,bubble_50,22 Reviews ,/AttractionProductReview-g294212-d11990321-Private_Classic_Beijing_Tour_Tiananmen_Square_Forbidden_City_and_Summer_Palace-Bei.html
Beijing,"Tiananmen Square, Forbidden City...",$78.00*,bubble_50,37 Reviews ,
Beijing,Full-Day Beijing Experience With...,$119.00*,bubble_50,24 Reviews ,
Beijing,Great Wall at Mutianyu Small-Group...,$80.00*,bubble_50,30 Reviews ,
Beijing,Coach Tour: Simatai Great Wall And...,$55.00*,bubble_50,12 Reviews ,
Shanghai,"Zhujiajiao Water Town, Shanghai City...",$96.00*,bubble_50,53 Reviews ,/AttractionProductReview-g308272-d12578270-Zhujiajiao_Water_Town_and_Shanghai_City_Private_Day_Tour-Shanghai.html
Shanghai,Shanghai Hop-on Hop-off Bus with...,$30.80*,bubble_40,84 Reviews ,
Shanghai,Shanghai Huangpu River Cruise and...,$79.80*,bubble_50,68 Reviews ,
Shanghai,Private Zhujiajiao Tour to Water Town...,$60.00*,bubble_50,42 Reviews ,
Shanghai,Suzhou and Zhouzhuang Water Village...,$134.99*,bubble_40,400 Reviews ,
Shanghai,Shanghai Circus World: ‘ERA...,$23.90*,bubble_50,157 Reviews ,
Shanghai,Shanghai Day Tour with Jade Buddha...,$78.99*,bubble_40,289 Reviews ,
Shanghai,Shanghai Evening Food-Tasting...,$75.00*,bubble_50,186 Reviews ,/AttractionProductReview-g308272-d11479168-Eat_Like_A_Local_Shanghai_Night_Food_Tour-Shanghai.html
Shanghai,Private Full-Day Tour: Shanghai Old...,$66.00*,bubble_50,89 Reviews ,
Shanghai,Huangpu VIP River Cruise and Shanghai...,$78.00*,bubble_50,26 Reviews ,
Shanghai,Private Full-Day Tour: Incredible...,$55.00*,bubble_50,106 Reviews ,
Shanghai,"Zhujiajiao Water Town, Shanghai City...",$96.00*,bubble_50,53 Reviews ,/AttractionProductReview-g308272-d12578270-Zhujiajiao_Water_Town_and_Shanghai_City_Private_Day_Tour-Shanghai.html
Shanghai,Authentic Local Food Tour in Central...,$67.00*,bubble_50,141 Reviews ,/AttractionProductReview-g308272-d11482239-Authentic_Local_Food_Tour_in_Central_Shanghai-Shanghai.html
Shanghai,Shanghai Huangpu River Cruise and...,$79.80*,bubble_50,68 Reviews ,
Shanghai,Xitang Water Village Tour from...,$99.00*,bubble_50,24 Reviews ,
Shanghai,Private Hangzhou Day Trip from...,$99.00*,bubble_45,14 Reviews ,
Shanghai,Private Zhujiajiao Tour to Water Town...,$60.00*,bubble_50,42 Reviews ,
Shanghai,Tour of Jewish Shanghai led by a...,$73.00*,bubble_50,52 Reviews ,
Shanghai,Shanghai Half Day Morning or...,$52.99*,bubble_40,104 Reviews ,
Shanghai,Half-Day Morning Bike Tour of...,$72.50*,bubble_50,43 Reviews ,
Shanghai,Suzhou and Zhouzhuang Water Village...,$134.99*,bubble_40,400 Reviews ,
Shanghai,Xi'an in One Day: Day Trip from...,$809.99*,bubble_45,20 Reviews ,
Shanghai,Beijing in One Day: Day Trip from...,$810.00*,bubble_40,21 Reviews ,
Shanghai,Zhujiajiao Water Village Half Day Tour,$99.00*,bubble_40,45 Reviews ,
Shanghai,Private Full-Day Tour: Shanghai Old...,$66.00*,bubble_50,89 Reviews ,
Shanghai,Private Trip to Suzhou from Shanghai,$80.00*,bubble_50,39 Reviews ,
Shanghai,Private Full-Day Tour: Incredible...,$55.00*,bubble_50,106 Reviews ,
Shanghai,Private Hangzhou Day Trip from...,$99.00*,bubble_45,14 Reviews ,
Shanghai,Shanghai Circus World: ‘ERA...,$23.90*,bubble_50,157 Reviews ,
Shanghai,Chinese Acrobats and Shanghai Evening...,$78.99*,bubble_45,69 Reviews ,
Shanghai,ERA Acrobats Show in Shanghai with...,$141.00*,bubble_50,12 Reviews ,
Shanghai,Zhujiajiao Private Tour and VIP...,$82.00*,bubble_50,1 Review ,
Shanghai,Authentic Local Food Tour in Central...,$67.00*,bubble_50,141 Reviews ,/AttractionProductReview-g308272-d11482239-Authentic_Local_Food_Tour_in_Central_Shanghai-Shanghai.html
Shanghai,Shanghai Evening Food-Tasting...,$75.00*,bubble_50,186 Reviews ,/AttractionProductReview-g308272-d11479168-Eat_Like_A_Local_Shanghai_Night_Food_Tour-Shanghai.html
Shanghai,Xitang Water Village Tour from...,$99.00*,bubble_50,24 Reviews ,
Shanghai,Shanghai Dumpling-Cooking Lesson and...,$85.00*,bubble_50,46 Reviews ,
Shanghai,Huangpu VIP River Cruise and Shanghai...,$78.00*,bubble_50,26 Reviews ,
Shanghai,"Huangpu River Cruise, Bund City...",$78.99*,bubble_40,107 Reviews ,
Shanghai,Shanghai Private Tour with Cruise...,$86.00*,bubble_50,4 Reviews ,
Shanghai,Din Tai Fung Dinner and VIP Class...,$96.00*,bubble_50,7 Reviews ,
Shanghai,"Zhujiajiao Water Town, Shanghai City...",$96.00*,bubble_50,53 Reviews ,/AttractionProductReview-g308272-d12578270-Zhujiajiao_Water_Town_and_Shanghai_City_Private_Day_Tour-Shanghai.html
Shanghai,Private Trip to Suzhou from Shanghai,$80.00*,bubble_50,39 Reviews ,
Shanghai,Private Trip to Hangzhou from...,$142.60*,bubble_50,17 Reviews ,
Shanghai,Private Suzhou and Zhouzhuang or...,$93.00*,bubble_50,11 Reviews ,
Shanghai,Shanghai Circus World: ‘ERA...,$23.90*,bubble_50,157 Reviews ,
Shanghai,Chinese Acrobats and Shanghai Evening...,$78.99*,bubble_45,69 Reviews ,
Shanghai,ERA Acrobats Show in Shanghai with...,$141.00*,bubble_50,12 Reviews ,
Shanghai,Zhujiajiao Private Tour and VIP...,$82.00*,bubble_50,1 Review ,
Shanghai,3-Day Private Tour of Xi'an and...,"$1,150.00*",bubble_50,11 Reviews ,
Shanghai,12 Days of...,"$1,599.00*",bubble_50,1 Review ,
Shanghai,2-Day Private Tour of Xi'an from...,$550.00*,bubble_40,4 Reviews ,
Shanghai,2-Day Private Tour of Shanghai and...,$125.00*,,,
Shanghai,Shanghai Huangpu River Cruise and...,$79.80*,bubble_50,68 Reviews ,
Shanghai,Din Tai Fung Dinner and VIP Class...,$96.00*,bubble_50,7 Reviews ,
Shanghai,Din Tai Fung Dinner Experience plus...,$115.00*,bubble_45,6 Reviews ,
Shanghai,Evening Thai Dinner and Huangpu River...,$108.00*,bubble_50,3 Reviews ,
Guangzhou,Guangzhou (Canton) China Day Trip...,$228.60*,bubble_40,356 Reviews ,
Guangzhou,Private Tour: Macau Day Trip from...,$279.00*,bubble_50,6 Reviews ,
Guangzhou,Guangzhou Highlights Small-Group Day...,$99.00*,bubble_50,1 Review ,
Guangzhou,Private Tour: Historic Guangzhou Day...,$269.00*,bubble_50,2 Reviews ,
Hangzhou,Hangzhou Sightseeing Private Full-Day...,$85.00*,bubble_50,40 Reviews ,/AttractionProductReview-g298559-d11470591-Private_Tour_Ultimate_Hangzhou_Sightseeing_Tour-Hangzhou_Zhejiang.html
Hangzhou,Hangzhou City Tour: West Lake Cruise...,$58.49*,bubble_40,8 Reviews ,
Hangzhou,Hangzhou Tour with Boat Ride and Lunch,$82.00*,bubble_50,17 Reviews ,
Hangzhou,Cultural Hangzhou Day Tour: Leifeng...,$117.00*,,,
Hangzhou,Private Hangzhou Day Trip from...,$99.00*,bubble_45,14 Reviews ,
Hangzhou,Hangzhou Private Tour from Shanghai...,$130.81*,bubble_50,12 Reviews ,
Hangzhou,Private Tour: Hangzhou Tea Culture...,$65.00*,bubble_50,8 Reviews ,
Hangzhou,Private Day Trip to Hangzhou and...,$128.00*,bubble_50,4 Reviews ,
Hangzhou,Private Hangzhou Day Trip from...,$99.00*,bubble_45,14 Reviews ,
Hangzhou,Hangzhou Private Tour from Shanghai...,$130.81*,bubble_50,12 Reviews ,
Hangzhou,Private Tour: Hangzhou Tea Culture...,$65.00*,bubble_50,8 Reviews ,
Hangzhou,Private Day Trip to Hangzhou and...,$128.00*,bubble_50,4 Reviews ,
Hangzhou,Hangzhou: Heaven on Earth Day Trip...,$168.99*,bubble_35,123 Reviews ,
Hangzhou,All Inclusive Alibaba Company...,$59.00*,,,
Hangzhou,Private Tour: Classic Hangzhou and...,$289.00*,bubble_50,33 Reviews ,
Hangzhou,Bike Tour in Hangzhou: Heaven on...,$275.00*,,,
Tokyo,"Mt. Fuji, Lake Ashi and Bullet Train...",$145.10*,bubble_45,"4,208 Reviews ",/AttractionProductReview-g1066451-d11446676-Mt_Fuji_Lake_Ashi_and_Bullet_Train_Day_Trip_from_Tokyo-Minato_Tokyo_Tokyo_Prefect.html
Tokyo,Mt Fuji Day Trip with Lake Ashi...,$131.00*,bubble_45,947 Reviews ,/AttractionProductReview-g1066451-d11446681-Mt_Fuji_Day_Trip_Including_Lake_Ashi_Sightseeing_Cruise_from_Tokyo-Minato_Tokyo_T.html
Tokyo,Kyoto Rail Tour by Bullet Train from...,$303.30*,bubble_45,307 Reviews ,
Tokyo,"Mt. Fuji Tour: Lake Kawaguchi, Oshino...",$112.30*,bubble_45,182 Reviews ,/AttractionProductReview-g1066451-d11472656-1_Day_Mt_Fuji_Bus_Tour_with_Fuji_Airways_4_D_and_Ninja_Experience-Minato_Tokyo_To.html
Tokyo,Tokyo Robot Cabaret Evening Show...,$67.40*,bubble_45,901 Reviews ,/AttractionProductReview-g1066451-d11446692-Tokyo_Robot_Evening_Cabaret_Show-Minato_Tokyo_Tokyo_Prefecture_Kanto.html
Tokyo,Tokyo 1-Day Tour: Meiji Shrine...,$92.70*,bubble_45,"1,106 Reviews ",
Tokyo,Nikko National Park Day Trip from...,$126.40*,bubble_45,542 Reviews ,
Tokyo,"Mt. Fuji, Lake Ashi and Bullet Train...",$145.10*,bubble_45,"4,208 Reviews ",/AttractionProductReview-g1066451-d11446676-Mt_Fuji_Lake_Ashi_and_Bullet_Train_Day_Trip_from_Tokyo-Minato_Tokyo_Tokyo_Prefect.html
Tokyo,Tokyo Robot Restaurant Cabaret Show...,$56.20*,bubble_45,108 Reviews ,
Tokyo,"Tokyo Robot Cabaret Show, Dinner in...",$125.20*,bubble_40,19 Reviews ,
Tokyo,Tokyo Robot Cabaret Evening Show...,$67.40*,bubble_45,901 Reviews ,/AttractionProductReview-g1066451-d11446692-Tokyo_Robot_Evening_Cabaret_Show-Minato_Tokyo_Tokyo_Prefecture_Kanto.html
Tokyo,"Robot Cabaret Show, Dinner at...",$117.90*,bubble_45,12 Reviews ,
Tokyo,Tokyo Sumo Wrestling Tournament,$88.90*,bubble_50,427 Reviews ,
Tokyo,Watch Morning Practice at a Sumo...,$79.70*,bubble_45,104 Reviews ,
Tokyo,Tokyo Studio Ghibli Museum Afternoon...,$126.40*,bubble_45,231 Reviews ,
Tokyo,Kyoto Rail Tour by Bullet Train from...,$303.30*,bubble_45,307 Reviews ,
Tokyo,Mt Fuji Day Trip with Lake Ashi...,$131.00*,bubble_45,947 Reviews ,/AttractionProductReview-g1066451-d11446681-Mt_Fuji_Day_Trip_Including_Lake_Ashi_Sightseeing_Cruise_from_Tokyo-Minato_Tokyo_T.html
Tokyo,Nikko National Park Day Trip from...,$126.40*,bubble_45,542 Reviews ,
Tokyo,"2-Day Mt Fuji, Hakone and Bullet...",$408.10*,bubble_40,143 Reviews ,
Tokyo,2-Day Mt Fuji and Kyoto Rail Tour by...,$530.70*,bubble_40,51 Reviews ,
Tokyo,Tokyo 1-Day Tour: Meiji Shrine...,$92.70*,bubble_45,"1,106 Reviews ",
Tokyo,Tokyo in a Day Private Custom Tour...,$118.60*,bubble_50,113 Reviews ,/AttractionProductReview-g1066451-d12463771-Private_Custom_Tour_Tokyo_in_a_Day-Minato_Tokyo_Tokyo_Prefecture_Kanto.html
Tokyo,"Tokyo Tower, Tea Ceremony and Sumida...",$112.30*,bubble_45,456 Reviews ,/AttractionProductReview-g1066451-d11446666-Tokyo_Tower_Tea_Ceremony_and_Sumida_River_Cruise_Day_Tour-Minato_Tokyo_Tokyo_Pref.html
Tokyo,Tokyo Biking Tour by Electric-Powered...,$71.50*,bubble_50,30 Reviews ,/AttractionProductReview-g1066451-d11990999-Tokyo_Biking_Tour_by_Electric_Powered_Bike-Minato_Tokyo_Tokyo_Prefecture_Kanto.html
Tokyo,Tokyo Robot Restaurant Cabaret Show...,$56.20*,bubble_45,108 Reviews ,
Tokyo,"Tokyo Robot Cabaret Show, Dinner in...",$125.20*,bubble_40,19 Reviews ,
Tokyo,"Robot Cabaret Show, Dinner at...",$117.90*,bubble_45,12 Reviews ,
Tokyo,Tokyo Robot Cabaret Show Including...,$145.90*,bubble_50,2 Reviews ,
Tokyo,"Mt Fuji, Kyoto and Nara 3-Day Tour by...",$594.40*,bubble_45,144 Reviews ,
Tokyo,Kyoto and Nara 2 or 3-Day Bullet...,$630.00*,bubble_45,149 Reviews ,
Tokyo,"Kyoto, Hiroshima Self-Guided 3-Day by...",$408.10*,bubble_50,45 Reviews ,
Tokyo,2-Day Kyoto and Nara Rail Tour by...,$630.00*,bubble_45,24 Reviews ,
Tokyo,Tokyo Sumo Wrestling Tournament,$88.90*,bubble_50,427 Reviews ,
Tokyo,Watch Morning Practice at a Sumo...,$79.70*,bubble_45,104 Reviews ,
Tokyo,Challenge Sumo Wrestlers and Enjoy a...,$110.90*,bubble_50,35 Reviews ,
Tokyo,1.5-Hour Geisha Experience at Chaya...,$83.30*,bubble_50,33 Reviews ,
Tokyo,Mt Fuji Day Trip with Lake Ashi...,$131.00*,bubble_45,947 Reviews ,/AttractionProductReview-g1066451-d11446681-Mt_Fuji_Day_Trip_Including_Lake_Ashi_Sightseeing_Cruise_from_Tokyo-Minato_Tokyo_T.html
Tokyo,"2-Day Mt Fuji, Hakone and Bullet...",$408.10*,bubble_40,143 Reviews ,
Tokyo,2-Day Mt Fuji and Kyoto Rail Tour by...,$530.70*,bubble_40,51 Reviews ,
Tokyo,3-Day Private Tokyo and Nagano Tour...,$971.20*,bubble_50,1 Review ,
Tokyo,Kyoto Rail Tour by Bullet Train from...,$303.30*,bubble_45,307 Reviews ,
Tokyo,Edo Japan Tour: Nikko National Park...,$140.40*,bubble_40,47 Reviews ,
Tokyo,Experience Old and Nostalgic Tokyo...,$70.20*,bubble_50,40 Reviews ,
Tokyo,1.5-Hour Geisha Experience at Chaya...,$83.30*,bubble_50,33 Reviews ,
Tokyo,"Mt Fuji, Kyoto and Nara 3-Day Tour by...",$594.40*,bubble_45,144 Reviews ,
Tokyo,"Kyoto, Hiroshima Self-Guided 3-Day by...",$408.10*,bubble_50,45 Reviews ,
Tokyo,Kyoto and Nara 2 or 3-Day Bullet...,$630.00*,bubble_45,149 Reviews ,
Tokyo,2-Day Kyoto and Nara Rail Tour by...,$630.00*,bubble_45,24 Reviews ,
Tokyo,"Mt Fuji, Outlet Shopping, and Onsen...",$87.10*,bubble_40,174 Reviews ,
Tokyo,"Hakone Tour from Tokyo, Lake Ashinoko...",$92.70*,bubble_40,10 Reviews ,
Tokyo,Private Mt Fuji and the Gotemba...,$842.50*,bubble_50,8 Reviews ,
Tokyo,Hitachi Seaside Park and Ashikaga...,$92.70*,bubble_35,8 Reviews ,
Kyoto,Kyoto Rail Tour by Bullet Train from...,$303.30*,bubble_45,307 Reviews ,
Kyoto,"Day Trip by Bus to Kyoto, Nara and...",$89.20*,bubble_45,85 Reviews ,
Kyoto,Kyoto and Nara Day Trip from Kyoto...,$140.40*,bubble_45,366 Reviews ,
Kyoto,"Nara Tour: Todaiji Temple, Deer Park...",$71.10*,bubble_45,176 Reviews ,
Kyoto,"Mt Fuji, Kyoto and Nara 3-Day Tour by...",$594.40*,bubble_45,144 Reviews ,
Kyoto,Kyoto and Nara 2 or 3-Day Bullet...,$630.00*,bubble_45,149 Reviews ,
Kyoto,"Kyoto, Hiroshima Self-Guided 3-Day by...",$408.10*,bubble_50,45 Reviews ,
Kyoto,2-Day Kyoto and Nara Rail Tour by...,$630.00*,bubble_45,24 Reviews ,
Kyoto,Kyoto Rail Tour by Bullet Train from...,$303.30*,bubble_45,307 Reviews ,
Kyoto,Kyoto Cultural Half-Day Small-Group...,$61.40*,bubble_45,340 Reviews ,/AttractionProductReview-g298564-d11451165-Half_Day_Small_Group_Kyoto_Cultural_Tour-Kyoto_Kyoto_Prefecture_Kinki.html
Kyoto,Kyoto Maiko Performance with Kaiseki...,$177.90*,bubble_50,75 Reviews ,
Kyoto,Kyoto and Nara Tour with Golden...,$167.60*,bubble_45,200 Reviews ,
Kyoto,Kyoto and Nara Day Trip from Kyoto...,$140.40*,bubble_45,366 Reviews ,
Kyoto,Kyoto in One Day Tour with Nijo...,$126.40*,bubble_45,564 Reviews ,/AttractionProductReview-g298564-d11446631-Kyoto_Full_Day_Sightseeing_Tour_including_Nijo_Castle_and_Kiyomizu_Temple-Kyoto_Ky.html
Kyoto,"Nara Tour: Todaiji Temple, Deer Park...",$71.10*,bubble_45,176 Reviews ,
Kyoto,Kyoto Sightseeing Small-Group Bike...,$73.10*,bubble_45,158 Reviews ,/AttractionProductReview-g298564-d11451164-Kyoto_Small_Group_Bike_Tour-Kyoto_Kyoto_Prefecture_Kinki.html
Kyoto,Kyoto Morning Tour: Kyoto Imperial...,$61.80*,bubble_45,194 Reviews ,
Kyoto,Kyoto Cultural Half-Day Small-Group...,$61.40*,bubble_45,340 Reviews ,/AttractionProductReview-g298564-d11451165-Half_Day_Small_Group_Kyoto_Cultural_Tour-Kyoto_Kyoto_Prefecture_Kinki.html
Kyoto,"Arashiyama, Sagano and Tenryu-ji...",$83.30*,bubble_45,63 Reviews ,
Kyoto,Kyoto Tour with Heian Shrine...,$57.10*,bubble_45,73 Reviews ,
Kyoto,Kyoto Maiko Performance with Kaiseki...,$177.90*,bubble_50,75 Reviews ,
Kyoto,Kyoto and Nara Tour with Golden...,$167.60*,bubble_45,200 Reviews ,
Kyoto,Kyoto Wakwak-kan Japanese Tea...,$38.40*,bubble_50,107 Reviews ,
Kyoto,Kyoto Small-Group Evening Walking...,$83.20*,bubble_45,23 Reviews ,
Kyoto,Kyoto Sightseeing Small-Group Bike...,$73.10*,bubble_45,158 Reviews ,/AttractionProductReview-g298564-d11451164-Kyoto_Small_Group_Bike_Tour-Kyoto_Kyoto_Prefecture_Kinki.html
Kyoto,Arashiyama and Sagano Walking Food...,$94.50*,bubble_50,34 Reviews ,
Kyoto,Gion Walking Tour by Night,$11.20*,bubble_45,57 Reviews ,
Kyoto,"Arashiyama, Sagano and Tenryu-ji...",$83.30*,bubble_45,63 Reviews ,
Kyoto,Kyoto Rickshaw Tour in Bamboo Grove...,$42.10*,bubble_50,36 Reviews ,
Kyoto,Kyoto in a Day Private Custom Tour...,$124.80*,bubble_45,21 Reviews ,
Kyoto,Kyoto Samurai School: Learn...,$65.50*,bubble_50,37 Reviews ,
Kyoto,Private Kyoto Custom One Day Tour by...,$653.40*,bubble_45,2 Reviews ,
Kyoto,Kyoto Cultural Half-Day Small-Group...,$61.40*,bubble_45,340 Reviews ,/AttractionProductReview-g298564-d11451165-Half_Day_Small_Group_Kyoto_Cultural_Tour-Kyoto_Kyoto_Prefecture_Kinki.html
Kyoto,Arashiyama and Sagano Walking Food...,$94.50*,bubble_50,34 Reviews ,
Kyoto,Gion Walking Tour by Night,$11.20*,bubble_45,57 Reviews ,
Kyoto,Kyoto Small-Group Evening Walking...,$83.20*,bubble_45,23 Reviews ,
Osaka,"Mt. Fuji, Lake Ashi and Bullet Train...",$145.10*,bubble_45,"4,208 Reviews ",/AttractionProductReview-g1066451-d11446676-Mt_Fuji_Lake_Ashi_and_Bullet_Train_Day_Trip_from_Tokyo-Minato_Tokyo_Tokyo_Prefect.html
Osaka,Kyoto Rail Tour by Bullet Train from...,$303.30*,bubble_45,307 Reviews ,
Osaka,"Day Trip by Bus to Kyoto, Nara and...",$89.20*,bubble_45,85 Reviews ,
Osaka,Day Trip by Bus to Kyoto from Osaka,$69.40*,bubble_45,13 Reviews ,
Osaka,Tokyo by Night: Japanese Food Tour,$111.10*,bubble_45,361 Reviews ,
Osaka,Evening Food and Drink Tour in Osaka,$109.00*,bubble_50,38 Reviews ,
Osaka,Osaka Traditional Japanese Cooking...,$84.20*,bubble_50,30 Reviews ,
Osaka,Osaka Sushi Cooking Class with Sake...,$103.00*,bubble_50,18 Reviews ,
Osaka,Kyoto Cultural Half-Day Small-Group...,$61.40*,bubble_45,340 Reviews ,/AttractionProductReview-g298564-d11451165-Half_Day_Small_Group_Kyoto_Cultural_Tour-Kyoto_Kyoto_Prefecture_Kinki.html
Osaka,Kyoto Rail Tour by Bullet Train from...,$303.30*,bubble_45,307 Reviews ,
Osaka,"Ningyocho, Nihonbashi Districts...",$61.40*,bubble_50,32 Reviews ,
Osaka,Kyoto Small-Group Evening Walking...,$83.20*,bubble_45,23 Reviews ,
Osaka,Tokyo by Night: Japanese Food Tour,$111.10*,bubble_45,361 Reviews ,
Osaka,Evening Food and Drink Tour in Osaka,$109.00*,bubble_50,38 Reviews ,
Osaka,"Kansai, Dotonbori, Tsutenkaku Tower...",$78.80*,bubble_40,7 Reviews ,
Osaka,Teppanyaki Wagyu Cooking Experience,$60.80*,,,
Osaka,Osaka Full-Day Walking Tour with...,$130.10*,bubble_40,63 Reviews ,
Osaka,Kyoto Cultural Half-Day Small-Group...,$61.40*,bubble_45,340 Reviews ,/AttractionProductReview-g298564-d11451165-Half_Day_Small_Group_Kyoto_Cultural_Tour-Kyoto_Kyoto_Prefecture_Kinki.html
Osaka,Osaka Walking Tour,$32.80*,bubble_50,89 Reviews ,
Osaka,Osaka Afternoon Walking Tour with...,$90.80*,bubble_40,42 Reviews ,
Osaka,"Ningyocho, Nihonbashi Districts...",$61.40*,bubble_50,32 Reviews ,
Osaka,Kyoto Small-Group Evening Walking...,$83.20*,bubble_45,23 Reviews ,
Osaka,Tea Ceremony in a Kimono in Osaka,$51.50*,bubble_45,6 Reviews ,
Osaka,Calligraphy in Osaka Shodo...,$37.40*,bubble_45,2 Reviews ,
Osaka,Osaka Traditional Japanese Cooking...,$84.20*,bubble_50,30 Reviews ,
Osaka,Osaka Sushi Cooking Class with Sake...,$103.00*,bubble_50,18 Reviews ,
Osaka,"Osaka with Temples, Gardens, and...",$290.00*,bubble_50,3 Reviews ,
Osaka,Japanese sweets making and Tea...,$51.50*,,,
Osaka,Osaka Traditional Japanese Cooking...,$84.20*,bubble_50,30 Reviews ,
Osaka,Osaka Sushi Cooking Class with Sake...,$103.00*,bubble_50,18 Reviews ,
Osaka,Japanese Cooking Class in Osaka,$65.90*,bubble_50,1 Review ,
Osaka,Japanese sweets making,$36.00*,bubble_50,1 Review ,
Bangkok,Private Guided Day Tour: Bangkok and...,$13.00*,bubble_50,440 Reviews ,/AttractionProductReview-g293916-d11456468-Private_Guided_Day_Tour_Bangkok_and_Beyond-Bangkok.html
Bangkok,Bangkok Custom and Private Guided Day...,$11.40*,bubble_50,9 Reviews ,
Bangkok,Sea Life Ocean World - Admission Only,$18.00*,,,
Bangkok,Nanta Show Admission in Bangkok,$23.80*,bubble_45,9 Reviews ,
Bangkok,Private 3-Day River Kwai Tour with...,$406.80*,,,
Bangkok,3 Days Kanchanaburi and Ayutthaya,$283.50*,,,
Bangkok,Private Tour: 5-Day Bangkok Pattaya...,$313.00*,,,
Bangkok,Date Night In Bangkok,$390.50*,,,
Bangkok,"Bangkok Food, Market, Temple Evening...",$64.90*,bubble_50,369 Reviews ,/AttractionProductReview-g293916-d11454026-Bangkok_by_Night_Temples_Markets_and_Food_by_Tuk_Tuk-Bangkok.html
Bangkok,4-Hour Bangkok Midnight Food Tour by...,$64.80*,bubble_50,78 Reviews ,
Bangkok,Bangkok Food Tour with Small Group in...,$50.50*,bubble_50,146 Reviews ,/AttractionProductReview-g293916-d11453882-Bangkok_Food_Tour-Bangkok.html
Bangkok,Bangkok Cooking Class with Market Tour,$45.60*,bubble_50,33 Reviews ,
Bangkok,Bangkok Dinner Cruise on the Chao...,$39.10*,bubble_40,554 Reviews ,/AttractionProductReview-g293916-d11449490-Bangkok_Dinner_Cruise_on_the_Chao_Phraya_River-Bangkok.html
Bangkok,Damnoen Saduak Floating Markets Day...,$35.80*,bubble_40,508 Reviews ,/AttractionProductReview-g293916-d11449478-Floating_Markets_of_Damnoen_Saduak_Cruise_Day_Trip_from_Bangkok-Bangkok.html
Bangkok,Floating Markets and Bridge on River...,$86.78*,bubble_45,246 Reviews ,/AttractionProductReview-g293916-d11449483-Floating_Markets_and_Bridge_on_River_Kwai_Tour_from_Bangkok-Bangkok.html
Bangkok,Bangkok Grand Palace Tour with River...,$83.50*,bubble_45,93 Reviews ,
Bangkok,3-Day River Kwai Floathouse Tour from...,$514.20*,,,
Bangkok,7-Day Cultural Tour of Thailand from...,"$1,265.40*",bubble_45,2 Reviews ,
Bangkok,Thailand 6-Day Tour: Chiang Mai...,$967.70*,bubble_45,7 Reviews ,
Bangkok,2-Day River Kwai Jungle Rafts,$194.70*,bubble_45,6 Reviews ,
Chiang Mai,Chiang Mai Rainforest Canopy Zipline...,$136.60*,bubble_45,81 Reviews ,/AttractionProductReview-g293917-d11454965-Chiang_Mai_Rainforest_Canopy_Zipline_Adventure-Chiang_Mai.html
Chiang Mai,Doi Inthanon Private Tour with Trek...,$123.75*,bubble_50,21 Reviews ,
Chiang Mai,Rainforest Canopy Zipline Adventure...,$122.00*,bubble_45,38 Reviews ,
Chiang Mai,Doi Suthep Full-Day Trek from Chiang...,$71.60*,bubble_50,16 Reviews ,
Chiang Mai,Chiang Rai Small-Group Tour from...,$61.80*,bubble_45,97 Reviews ,/AttractionProductReview-g293917-d11480503-Chiang_Rai_Day_Trip_from_Chiang_Mai_City-Chiang_Mai.html
Chiang Mai,Chiang Mai Small-Group Cultural Tour,$82.50*,bubble_50,22 Reviews ,
Chiang Mai,Chiang Mai Night Private Tour...,$64.22*,bubble_45,25 Reviews ,
Chiang Mai,Chiang Rai Temples Private Tour from...,$129.50*,bubble_45,11 Reviews ,
Chiang Mai,Thai and Akha Cooking Class in Chiang...,$32.00*,bubble_50,53 Reviews ,
Chiang Mai,Half Day Cooking Class Including...,$26.00*,bubble_45,26 Reviews ,
Chiang Mai,Benny's Home Cooking Chiang Mai,$48.80*,bubble_50,10 Reviews ,
Chiang Mai,Private Half-Day Thai Cooking Class...,$93.60*,bubble_50,1 Review ,
Chiang Mai,Chiang Mai Rainforest Canopy Zipline...,$136.60*,bubble_45,81 Reviews ,/AttractionProductReview-g293917-d11454965-Chiang_Mai_Rainforest_Canopy_Zipline_Adventure-Chiang_Mai.html
Chiang Mai,Rainforest Canopy Zipline Adventure...,$122.00*,bubble_45,38 Reviews ,
Chiang Mai,Private Chiang Mai Tour to Bua Thong...,$138.50*,bubble_50,4 Reviews ,
Chiang Mai,Full-Day Hike and Zipline Tour in Mae...,$91.10*,bubble_50,5 Reviews ,
Chiang Mai,Chiang Rai Small-Group Tour from...,$61.80*,bubble_45,97 Reviews ,/AttractionProductReview-g293917-d11480503-Chiang_Rai_Day_Trip_from_Chiang_Mai_City-Chiang_Mai.html
Chiang Mai,Inthanon Small-Group Day Trip from...,$61.80*,bubble_50,9 Reviews ,
Chiang Mai,Whitewater Rafting Adventure in...,$97.60*,bubble_50,21 Reviews ,
Chiang Mai,Jungle Ziplining Adventure from...,$140.90*,bubble_50,1 Review ,
Chiang Mai,Doi Inthanon Private Tour with Trek...,$123.75*,bubble_50,21 Reviews ,
Chiang Mai,Chiang Mai Night Private Tour...,$64.22*,bubble_45,25 Reviews ,
Chiang Mai,"Chiang Mai Tour: Zipline, Rafting...",$143.20*,bubble_45,10 Reviews ,
Chiang Mai,Chiang Rai Temples Private Tour from...,$129.50*,bubble_45,11 Reviews ,
Chiang Mai,Thai and Akha Cooking Class in Chiang...,$32.00*,bubble_50,53 Reviews ,
Chiang Mai,Half Day Cooking Class Including...,$26.00*,bubble_45,26 Reviews ,
Chiang Mai,Private Tour: Full-Day Authentic Hill...,$105.80*,bubble_45,16 Reviews ,
Chiang Mai,Chiang Mai Small-Group Thai Cooking...,$32.50*,bubble_50,2 Reviews ,
Chiang Mai,Chiang Mai Small-Group Cultural Tour,$82.50*,bubble_50,22 Reviews ,
Chiang Mai,Half-Day Doi Suthep and Temples From...,$57.40*,bubble_50,5 Reviews ,
Chiang Mai,Chiang Mai 4-Night Tour: Palong...,$175.70*,bubble_50,9 Reviews ,
Chiang Mai,"Opium Trail, Wat Phra That Doi Suthep...",$61.80*,bubble_40,2 Reviews ,
Chiang Mai,Doi Inthanon Private Tour with Trek...,$123.75*,bubble_50,21 Reviews ,
Chiang Mai,Doi Suthep Full-Day Trek from Chiang...,$71.60*,bubble_50,16 Reviews ,
Chiang Mai,"Chiang Mai Tour: Zipline, Rafting...",$143.20*,bubble_45,10 Reviews ,
Chiang Mai,Chiang Mai Tour with Tea Plantation...,$123.00*,bubble_50,2 Reviews ,
Chiang Mai,Chiang Mai Small-Group Cultural Tour,$82.50*,bubble_50,22 Reviews ,
Chiang Mai,Half-Day Chiang Mai City and Temples...,$42.50*,bubble_50,2 Reviews ,
Chiang Mai,Alms and Wat Phra That Doi Suthep...,$65.00*,bubble_50,2 Reviews ,
Chiang Mai,Mae Ping River Boat Ride from Chiang...,$17.50*,bubble_45,7 Reviews ,
Chiang Mai,Chiang Rai Small-Group Tour from...,$61.80*,bubble_45,97 Reviews ,/AttractionProductReview-g293917-d11480503-Chiang_Rai_Day_Trip_from_Chiang_Mai_City-Chiang_Mai.html
Chiang Mai,4-Hour Doi Suthep and Temples Tour...,$57.40*,bubble_50,6 Reviews ,
Chiang Mai,Half-Day City Temples Tour of Chiang...,$43.50*,bubble_40,4 Reviews ,
Chiang Mai,Private Tour: City and Temples of...,$29.20*,bubble_35,3 Reviews ,
Seoul,Half-Day Korean DMZ Tour from Seoul,$45.50*,bubble_45,140 Reviews ,
Seoul,N Korea DMZ and Joint Security Area...,$134.90*,bubble_45,293 Reviews ,
Seoul,Korean Demilitarized Zone (DMZ) Tour...,$45.89*,bubble_40,283 Reviews ,
Seoul,Mt. Bukhan Hike with Traditional...,$128.00*,bubble_50,38 Reviews ,
Seoul,Full-Day Essential Seoul Tour,$95.00*,bubble_50,77 Reviews ,/AttractionProductReview-g294197-d11478953-Full_Day_Essential_Seoul_Tour-Seoul.html
Seoul,Korean Demilitarized Zone (DMZ...,$39.60*,bubble_45,90 Reviews ,/AttractionProductReview-g294197-d11454650-Korean_Demilitarized_Zone_DMZ_Half_Day_Tour_from_Seoul-Seoul.html
Seoul,Small-Group Korean Night Food Tour,$87.99*,bubble_50,149 Reviews ,/AttractionProductReview-g294197-d11452115-Small_Group_Korean_Night_Food_Tour-Seoul.html
Seoul,Seoul Day Tour with Jogyesa Temple...,$90.00*,bubble_40,53 Reviews ,
Seoul,DMZ Private Tour from Seoul,$138.00*,bubble_50,43 Reviews ,
Seoul,North Korean Private Tour of DMZ and...,$212.00*,bubble_50,32 Reviews ,
Seoul,DMZ Tour from Seoul Including Dora...,$40.00*,bubble_50,27 Reviews ,/AttractionProductReview-g294197-d11481595-DMZ_Tour_from_Seoul_Including_Dora_Observatory-Seoul.html
Seoul,N Korea DMZ and Joint Security Area...,$134.90*,bubble_45,293 Reviews ,
Seoul,Korean Demilitarized Zone (DMZ...,$39.60*,bubble_45,90 Reviews ,/AttractionProductReview-g294197-d11454650-Korean_Demilitarized_Zone_DMZ_Half_Day_Tour_from_Seoul-Seoul.html
Seoul,Korean Demilitarized Zone (DMZ) Tour...,$45.89*,bubble_40,283 Reviews ,
Seoul,Busan City Tour,$41.00*,bubble_50,44 Reviews ,
Seoul,Seoul Morning Sightseeing Tour,$34.00*,bubble_45,71 Reviews ,
Seoul,Full-Day Essential Seoul Tour,$95.00*,bubble_50,77 Reviews ,/AttractionProductReview-g294197-d11478953-Full_Day_Essential_Seoul_Tour-Seoul.html
Seoul,Seoul Day Tour with Jogyesa Temple...,$90.00*,bubble_40,53 Reviews ,
Seoul,"Namdaemun Market, Namsan Mountain...",$68.00*,bubble_50,23 Reviews ,
Seoul,Seoul-Gyeonggi Small Group...,$350.00*,bubble_50,15 Reviews ,
Seoul,Mt. Bukhan Hike with Traditional...,$128.00*,bubble_50,38 Reviews ,
Seoul,Private Hike at Bukhansan Mountain...,$119.00*,bubble_50,4 Reviews ,
Seoul,Full-Day Mount Wolchulsan National...,$245.00*,bubble_50,1 Review ,
Seoul,Private Mt. Baekun and Donggang River...,$225.00*,,,
Seoul,DMZ Private Tour from Seoul,$138.00*,bubble_50,43 Reviews ,
Seoul,North Korean Private Tour of DMZ and...,$212.00*,bubble_50,32 Reviews ,
Seoul,"Gyeongbokgung Palace, Jogyesa Temple...",$36.00*,bubble_40,10 Reviews ,
Seoul,Full-Day South Korean DMZ and Joint...,$128.00*,bubble_50,4 Reviews ,
Seoul,Seoul Morning Sightseeing Tour,$34.00*,bubble_45,71 Reviews ,
Seoul,Seoul Palace and Market Tour...,$82.00*,bubble_40,134 Reviews ,
Seoul,"Namdaemun Market, Namsan Mountain...",$68.00*,bubble_50,23 Reviews ,
Seoul,Gangnam Tour in Seoul: COEX Aquarium...,$90.00*,bubble_40,18 Reviews ,
Seoul,Small-Group Korean Night Food Tour,$87.99*,bubble_50,149 Reviews ,/AttractionProductReview-g294197-d11452115-Small_Group_Korean_Night_Food_Tour-Seoul.html
Seoul,Seoul Market Tour and Korean Cooking...,$55.00*,bubble_50,47 Reviews ,
Seoul,Beginner Cooking Class Experience of...,$65.00*,bubble_50,53 Reviews ,/AttractionProductReview-g294197-d11452114-Experience_Seoul_Korean_Beginner_Cooking_Class-Seoul.html
Seoul,Small-Group Korean Cooking Class in...,$55.00*,bubble_50,22 Reviews ,
Seoul,Everland Theme Park Admission Ticket...,$52.00*,bubble_40,2 Reviews ,
Seoul,Lotte World Theme Park Half- or...,$62.00*,bubble_35,8 Reviews ,
Seoul,Lotte World Theme Park Admission...,$29.44*,bubble_20,2 Reviews ,
Seoul,Jeju Aqua Planet Discount Ticket,$25.30*,,,
Seoul,Busan City Tour,$41.00*,bubble_50,44 Reviews ,
Seoul,Seoul City Private Full-Day Tour...,$69.00*,bubble_50,28 Reviews ,
Seoul,Full Day Small-Group Royal Palace and...,$76.00*,bubble_50,15 Reviews ,
Seoul,Full-Day Seoul Highlights City Tour,$85.00*,bubble_40,11 Reviews ,
Seoul,DMZ Private Tour from Seoul,$138.00*,bubble_50,43 Reviews ,
Seoul,North Korean Private Tour of DMZ and...,$212.00*,bubble_50,32 Reviews ,
Seoul,Nami Island and Petite France...,$103.00*,bubble_45,11 Reviews ,
Seoul,Seoul-Gyeonggi Small Group...,$350.00*,bubble_50,15 Reviews ,
Busan,Busan City Tour,$41.00*,bubble_50,44 Reviews ,
Busan,Busan Tour with Gamcheon Culture...,$129.99*,bubble_50,32 Reviews ,
Busan,Busan Night Tour Including a Cruise,$89.99*,bubble_50,10 Reviews ,
Busan,Busan Sightseeing Tour with Beomeosa...,$130.00*,bubble_45,8 Reviews ,
Busan,Busan City Tour,$41.00*,bubble_50,44 Reviews ,
Busan,Full-Day Busan Tour Including Haedong...,$129.99*,bubble_50,24 Reviews ,
Busan,3-Day Round-Trip Tour from Busan to...,$479.97*,bubble_50,1 Review ,
Busan,Busan: Rail and Bike Tour,$68.00*,bubble_50,1 Review ,
Busan,Full-Day Busan Tour Including Haedong...,$129.99*,bubble_50,24 Reviews ,
Busan,Busan: Rail and Bike Tour,$68.00*,bubble_50,1 Review ,
Busan,Busan City Tour Bus Hop-On Hop-Off...,$11.04*,,,
Busan,3-Day Tour of Eastern Korea from...,$439.00*,,,
Mumbai,Dharavi Slum Small-Group Walking Tour...,$14.00*,bubble_50,194 Reviews ,/AttractionProductReview-g304554-d11453739-Dharavi_Slum_Small_Group_Tour_in_Mumbai-Mumbai_Maharashtra.html
Mumbai,Dharavi Slum Private wlaking tour,$5.00*,bubble_45,7 Reviews ,
Mumbai,South Mumbai Markets and Temples...,$20.00*,bubble_45,20 Reviews ,
Mumbai,Mumbai Half-Day Street Food Tour,$14.00*,bubble_45,2 Reviews ,
Mumbai,Taj Majal in A Day with Private Tour...,$400.00*,bubble_35,5 Reviews ,
Mumbai,Same Day Taj Mahal Trip from Mumbai...,$350.00*,,,
Mumbai,Learn to Sail Keel boats in Mumbai...,$675.00*,,,
Mumbai,Varanasi and Taj mahal tour from...,$550.00*,,,
Mumbai,Mumbai Bollywood Private Half-Day...,$90.00*,bubble_50,44 Reviews ,
Mumbai,Dharavi Slum Small-Group Walking Tour...,$14.00*,bubble_50,194 Reviews ,/AttractionProductReview-g304554-d11453739-Dharavi_Slum_Small_Group_Tour_in_Mumbai-Mumbai_Maharashtra.html
Mumbai,Mumbai Private Tour with Dharavi Visit,$70.00*,bubble_45,19 Reviews ,
Mumbai,Full-Day Private Bollywood Tour,$140.00*,bubble_50,16 Reviews ,
Bengaluru,Bangalore's Countryside on a Bicycle,$155.00*,bubble_50,3 Reviews ,
Bengaluru,Bengaluru Silk Weavers Private...,$29.00*,bubble_50,4 Reviews ,
Bengaluru,Bangalore Private Palaces Tour...,$48.00*,bubble_45,9 Reviews ,
Bengaluru,Rich Culture of Bangalore Day Tour,$55.00*,bubble_45,5 Reviews ,
New Delhi,4-Day Private Golden Triangle: Agra...,$242.00*,bubble_50,111 Reviews ,/AttractionProductReview-g304551-d11455849-Four_Day_Private_Luxury_Golden_Triangle_Tour_to_Agra_and_Jaipur_From_New_Delhi-New.html
New Delhi,Private Taj Mahal and Agra Fort in...,$98.00*,bubble_45,252 Reviews ,/AttractionProductReview-g304551-d11452129-Private_Tour_Day_Trip_to_Agra_from_Delhi_Including_Taj_Mahal_and_Agra_Fort-New_Del.html
New Delhi,Private Custom Tour: Delhi in One Day,$61.33*,bubble_45,99 Reviews ,
New Delhi,Private Tour: Agra and the Taj Mahal...,$125.33*,bubble_50,59 Reviews ,
New Delhi,Old and New Delhi Private Full-Day...,$26.00*,bubble_50,60 Reviews ,/AttractionProductReview-g304551-d12314217-Private_Old_and_New_Delhi_Full_Day_Combo_Tour-New_Delhi_National_Capital_Territory.html
New Delhi,Delhi Indian Food Experience Tour...,$83.88*,bubble_50,44 Reviews ,
New Delhi,"Haridwar, Rishikesh Private Tour from...",$50.00*,bubble_45,15 Reviews ,
New Delhi,Old Delhi Half Day Small Group Tour,$58.00*,bubble_45,52 Reviews ,
New Delhi,3-Day Private Golden Triangle Tour...,$328.00*,bubble_50,36 Reviews ,
New Delhi,4-Day Private Golden Triangle: Agra...,$242.00*,bubble_50,111 Reviews ,/AttractionProductReview-g304551-d11455849-Four_Day_Private_Luxury_Golden_Triangle_Tour_to_Agra_and_Jaipur_From_New_Delhi-New.html
New Delhi,Agra Private 2-Day Tour from Delhi...,$213.70*,bubble_45,14 Reviews ,
New Delhi,Golden Triangle Private Tour: Agra...,$512.00*,bubble_45,40 Reviews ,
New Delhi,Private Taj Mahal and Agra Fort in...,$98.00*,bubble_45,252 Reviews ,/AttractionProductReview-g304551-d11452129-Private_Tour_Day_Trip_to_Agra_from_Delhi_Including_Taj_Mahal_and_Agra_Fort-New_Del.html
New Delhi,Private Custom Tour: Delhi in One Day,$61.33*,bubble_45,99 Reviews ,
New Delhi,Delhi Indian Food Experience Tour...,$83.88*,bubble_50,44 Reviews ,
New Delhi,Taj Mahal and Agra Fort Private Tour...,$129.99*,bubble_50,26 Reviews ,
New Delhi,Private Tour: Agra and the Taj Mahal...,$125.33*,bubble_50,59 Reviews ,
New Delhi,"Haridwar, Rishikesh Private Tour from...",$50.00*,bubble_45,15 Reviews ,
New Delhi,"Private Tour: Agra, Taj Mahal and...",$168.00*,bubble_40,19 Reviews ,
New Delhi,Taj Mahal and Agra Fort Private Day...,$25.00*,bubble_50,32 Reviews ,
New Delhi,Old and New Delhi Private Full-Day...,$26.00*,bubble_50,60 Reviews ,/AttractionProductReview-g304551-d12314217-Private_Old_and_New_Delhi_Full_Day_Combo_Tour-New_Delhi_National_Capital_Territory.html
New Delhi,11-Hour Agra Day Tour: Sunrise and...,$90.00*,bubble_50,29 Reviews ,
New Delhi,Sunrise Taj Mahal Agra Private City...,$92.00*,bubble_50,11 Reviews ,
New Delhi,Private Taj Mahal and Agra Day Tour...,$56.00*,bubble_40,18 Reviews ,
New Delhi,Private Tour: Old and New Delhi in a...,$145.33*,bubble_45,49 Reviews ,
New Delhi,Old Delhi by Rickshaws - Group Tour,$30.00*,bubble_50,25 Reviews ,
New Delhi,Full-Day Old and New Delhi Tour...,$53.00*,bubble_45,2 Reviews ,
New Delhi,Private Custom Tour of Delhi,$72.00*,bubble_40,6 Reviews ,
New Delhi,South Delhi Spiritual Private Tour...,$26.66*,bubble_45,15 Reviews ,
New Delhi,11-Hour Agra Day Tour: Sunrise and...,$90.00*,bubble_50,29 Reviews ,
New Delhi,Spiritual Delhi Temples Full-Day...,$40.00*,bubble_40,10 Reviews ,
New Delhi,Private Custom Shopping Tour: Delhi's...,$45.00*,bubble_50,7 Reviews ,
New Delhi,Agra Private Full-Day Tour With Taj...,$42.00*,bubble_45,30 Reviews ,
New Delhi,Sunrise Taj Mahal Agra Private City...,$92.00*,bubble_50,11 Reviews ,
New Delhi,Private Taj Mahal and Agra Day Tour...,$56.00*,bubble_40,18 Reviews ,
New Delhi,"Agra, Taj Mahal, Agra Fort, Baby Taj...",$76.00*,bubble_50,10 Reviews ,
New Delhi,Old Delhi Half Day Small Group Tour,$58.00*,bubble_45,52 Reviews ,
New Delhi,Mughal Heritage Tour Including Lodhi...,$48.00*,bubble_45,11 Reviews ,
New Delhi,Old Delhi Heritage 3-Hour Walking...,$20.00*,bubble_50,23 Reviews ,
New Delhi,Old Delhi by Rickshaws - Group Tour,$30.00*,bubble_50,25 Reviews ,
New Delhi,Delhi Indian Food Experience Tour...,$83.88*,bubble_50,44 Reviews ,
New Delhi,4-Hour Old Delhi Food Tour,$55.00*,bubble_50,23 Reviews ,
New Delhi,Local Village and Food Tour Including...,$110.00*,bubble_50,9 Reviews ,
New Delhi,Small-Group Food Walking Tour in...,$66.00*,bubble_50,49 Reviews ,
Singapore,Singapore Night Tour with Gardens by...,$49.50*,bubble_45,432 Reviews ,/AttractionProductReview-g294265-d11465096-Singapore_Night_Tour_Gardens_by_the_Bay_Marina_Bay_Sands_SkyPark_and_River_Cruise-.html
Singapore,Singapore Zoo with Transfer...,$41.80*,bubble_45,"1,788 Reviews ",/AttractionProductReview-g294265-d11449640-Singapore_Zoo_with_Transfer_and_Optional_Breakfast_with_Orangutans-Singapore.html
Singapore,Singapore City Sightseeing Hop-On...,$32.60*,bubble_45,927 Reviews ,/AttractionProductReview-g294265-d11446494-City_Sightseeing_Singapore_Hop_On_Hop_Off_Tour-Singapore.html
Singapore,Singapore Chinatown Night Tour with...,$74.30*,bubble_45,"1,075 Reviews ",/AttractionProductReview-g294265-d11449595-Singapore_s_Chinatown_Trishaw_Night_Tour_with_Transfer-Singapore.html
Singapore,"Singapore Zoo Night Safari Walk, Tram...",$50.30*,bubble_40,"1,273 Reviews ",/AttractionProductReview-g294265-d11449596-Singapore_Night_Safari_with_Optional_Buffet_Dinner-Singapore.html
Singapore,Singapore Night Hop-on Hop-off Bus...,$37.80*,bubble_40,447 Reviews ,
Singapore,Singapore Zoo Night Safari...,$76.60*,bubble_40,112 Reviews ,
Singapore,Night Safari Tour in Singapore with...,$53.40*,bubble_40,57 Reviews ,
Singapore,Singapore Zoo with Transfer...,$41.80*,bubble_45,"1,788 Reviews ",/AttractionProductReview-g294265-d11449640-Singapore_Zoo_with_Transfer_and_Optional_Breakfast_with_Orangutans-Singapore.html
Singapore,Singapore Super Saver: Night Safari...,$77.40*,bubble_40,127 Reviews ,
Singapore,"Singapore Zoo Night Safari Walk, Tram...",$50.30*,bubble_40,"1,273 Reviews ",/AttractionProductReview-g294265-d11449596-Singapore_Night_Safari_with_Optional_Buffet_Dinner-Singapore.html
Singapore,Singapore Zoo Night Safari...,$76.60*,bubble_40,112 Reviews ,
Singapore,Singapore City Sightseeing Hop-On...,$32.60*,bubble_45,927 Reviews ,/AttractionProductReview-g294265-d11446494-City_Sightseeing_Singapore_Hop_On_Hop_Off_Tour-Singapore.html
Singapore,Singapore Night Hop-on Hop-off Bus...,$37.80*,bubble_40,447 Reviews ,
Singapore,Singapore Hop-On Hop-Off Night Bus...,$33.30*,bubble_40,16 Reviews ,
Singapore,Singapore Hop-On Hop-Off Bus Tour...,$33.30*,bubble_45,9 Reviews ,
Singapore,Sentosa Island Tour with Tiger Sky...,$81.30*,bubble_45,524 Reviews ,/AttractionProductReview-g294265-d11449634-Sentosa_Island_Afternoon_Trip_Including_Madame_Tussauds_and_Tiger_Sky_Tower-Singap.html
Singapore,"Universal Studios Singapore, Aquarium...",$85.90*,bubble_45,63 Reviews ,/AttractionProductReview-g294265-d11449638-Singapore_Super_Saver_Universal_Studios_and_S_E_A_Aquarium_with_Optional_Hotel_Pic.html
Singapore,Singapore History: Bright Hill...,$71.20*,bubble_45,606 Reviews ,/AttractionProductReview-g294265-d11449605-Singapore_Round_Island_Tour_with_Eurasian_Heritage_Centre_Kranji_War_Memorial_and_.html
Singapore,"Sentosa Island, Singapore Cable Car...",$52.60*,bubble_45,201 Reviews ,
Singapore,Singapore Chinatown Night Tour with...,$74.30*,bubble_45,"1,075 Reviews ",/AttractionProductReview-g294265-d11449595-Singapore_s_Chinatown_Trishaw_Night_Tour_with_Transfer-Singapore.html
Singapore,Changi WWII War Trail Coach Tour,$44.90*,bubble_45,254 Reviews ,/AttractionProductReview-g294265-d11448231-Changi_WWII_War_Trail_Coach_Tour-Singapore.html
Singapore,Private Tour: World War II...,$294.10*,bubble_50,17 Reviews ,
Singapore,Historical Battlebox Tour in Singapore,$13.90*,bubble_50,15 Reviews ,
Singapore,Singapore Flexi Attractions Pass with...,$71.20*,bubble_45,97 Reviews ,
Singapore,5-Day Singapore City Pass with...,$123.70*,bubble_40,233 Reviews ,
Singapore,3-Day Singapore City Pass with...,$77.30*,bubble_40,3 Reviews ,
Singapore,Singapore Pass: Three or Five...,$75.10*,bubble_35,9 Reviews ,
Singapore,Singapore Zoo with Transfer...,$41.80*,bubble_45,"1,788 Reviews ",/AttractionProductReview-g294265-d11449640-Singapore_Zoo_with_Transfer_and_Optional_Breakfast_with_Orangutans-Singapore.html
Singapore,Singapore by Night Tour with Dinner,$48.80*,bubble_40,840 Reviews ,
Singapore,Singapore Mt. Faber Cable Car Private...,$130.80*,bubble_45,31 Reviews ,/AttractionProductReview-g294265-d11449618-Private_Sky_Dining_on_the_Singapore_Cable_Car-Singapore.html
Singapore,Singapore Zoo Private Morning Tour...,$119.20*,bubble_50,64 Reviews ,
Singapore,Half-Day Spa Escape to Batam from...,$116.10*,bubble_45,8 Reviews ,
Singapore,Experience Singapore: Alleviate Fish...,$20.90*,,,
Singapore,90-minute Zen Candle Therapy Massage...,$182.20*,,,
Singapore,An Extraordinary Nature Spa in Katong,$42.60*,,,
Singapore,Universal Studios Singapore 1-Day...,$59.60*,bubble_45,399 Reviews ,/AttractionProductReview-g294265-d11449637-Universal_Studios_Singapore_1_Day_Pass_with_Optional_Transfer-Singapore.html
Singapore,"Universal Studios Singapore, Aquarium...",$85.90*,bubble_45,63 Reviews ,/AttractionProductReview-g294265-d11449638-Singapore_Super_Saver_Universal_Studios_and_S_E_A_Aquarium_with_Optional_Hotel_Pic.html
Singapore,LEGOLAND® Malaysia Admission with...,$65.00*,bubble_40,184 Reviews ,
Singapore,Gardens By The Bay Ticket including...,$24.00*,bubble_45,79 Reviews ,
Kuala,Private Tour: Kuala Lumpur and...,$286.31*,bubble_50,22 Reviews ,
Kuala,Batu Caves Tour from Kuala Lumpur,$30.66*,bubble_40,558 Reviews ,/AttractionProductReview-g298570-d11449679-Batu_Caves_Tour_from_Kuala_Lumpur-Kuala_Lumpur_Wilayah_Persekutuan.html
Kuala,Kuala Selangor Tour from Kuala Lumpur...,$66.40*,bubble_40,86 Reviews ,
Kuala,Taman Negara Full-Day Tour from Kuala...,$187.50*,bubble_50,23 Reviews ,/AttractionProductReview-g298570-d11464582-Full_Day_Taman_Negara_Tour_with_Batu_Caves-Kuala_Lumpur_Wilayah_Persekutuan.html
Kuala,Skip-The-Line Petronas Twin Towers...,$30.00*,bubble_45,47 Reviews ,
Kuala,Kuala Lumpur: Skip the Line Petronas...,$36.00*,bubble_45,83 Reviews ,
Kuala,KL Tower Observation Deck Admission...,$18.00*,bubble_45,29 Reviews ,
Kuala,Skip-the-Line: 2-in-1 Petronas Twin...,$60.00*,bubble_40,12 Reviews ,
Kuala,Kuala Lumpur City tour Including...,$100.00*,bubble_50,42 Reviews ,
Kuala,Half-Day Kuala Lumpur City Tour,$7.50*,bubble_40,51 Reviews ,
Kuala,Private Kuala Lumpur Full-Day Tour...,$100.00*,bubble_50,3 Reviews ,
Kuala,Transit Tour: Kuala Lumpur including...,$138.00*,bubble_45,2 Reviews ,
Kuala,Private Tour: Kuala Lumpur Grand...,$123.98*,bubble_45,149 Reviews ,
Kuala,Private Half-Day Batu Caves...,$41.90*,bubble_50,31 Reviews ,/AttractionProductReview-g298570-d11812460-Private_Half_Day_Batu_Caves_Waterfalls_and_Hot_Springs_Tour-Kuala_Lumpur_Wilayah_P.html
Kuala,Private Half-Day Kuala Lumpur City...,$37.50*,bubble_50,14 Reviews ,
Kuala,Private Tour: Batu Caves Tour from...,$45.44*,bubble_45,21 Reviews ,
Kuala,Batu Caves Tour from Kuala Lumpur,$30.66*,bubble_40,558 Reviews ,/AttractionProductReview-g298570-d11449679-Batu_Caves_Tour_from_Kuala_Lumpur-Kuala_Lumpur_Wilayah_Persekutuan.html
Kuala,Private Tour: Kuala Lumpur with...,$80.00*,bubble_50,23 Reviews ,/AttractionProductReview-g298570-d12468200-Private_Tour_Kuala_Lumpur_with_Petronas_Twin_Towers_Observation_Deck_and_Batu_Cave.html
Kuala,Batu Caves and Malaysian Crafts Tour...,$12.00*,bubble_40,62 Reviews ,
Kuala,Private Half-Day Batu Caves...,$41.90*,bubble_50,31 Reviews ,/AttractionProductReview-g298570-d11812460-Private_Half_Day_Batu_Caves_Waterfalls_and_Hot_Springs_Tour-Kuala_Lumpur_Wilayah_P.html
Kuala,Kuala Lumpur: Skip the Line Petronas...,$36.00*,bubble_45,83 Reviews ,
Kuala,Eat Like a Local: Kuala Lumpur Hawker...,$62.00*,bubble_50,92 Reviews ,/AttractionProductReview-g298570-d11452241-Eat_Like_a_Local_Kuala_Lumpur_Hawker_Center_and_Street_Food_Tour_by_Night-Kuala_Lu.html
Kuala,Kuala Lumpur Highlights Sightseeing...,$28.00*,bubble_45,398 Reviews ,
Kuala,KL Tower Dinner and Night Market,$127.50*,bubble_40,31 Reviews ,
Kuala,Kuala Selangor Tour from Kuala Lumpur...,$66.40*,bubble_40,86 Reviews ,
Kuala,Discover the Best Local Food Tour by...,$20.90*,bubble_45,24 Reviews ,/AttractionProductReview-g298570-d11807013-Discover_the_Best_Local_Food_Tour_by_Night_in_Kuala_Lumpur-Kuala_Lumpur_Wilayah_Pe.html
Kuala,Kuala Lumpur By Night Tour,$82.00*,bubble_35,92 Reviews ,
Kuala,Private Kuala Lumpur Night Market...,$85.00*,bubble_50,1 Review ,
Kuala,Private Tour: Kuala Lumpur Grand...,$123.98*,bubble_45,149 Reviews ,
Kuala,Private Half-Day Kuala Lumpur City...,$37.50*,bubble_50,14 Reviews ,
Kuala,Private Tour: Batu Caves Tour from...,$45.44*,bubble_45,21 Reviews ,
Kuala,Private Half-Day: The Ultimate Kuala...,$34.50*,bubble_50,5 Reviews ,
Kuala,KL Tower Observation Deck Admission...,$18.00*,bubble_45,29 Reviews ,
Kuala,Kuala Selangor Firefly Boat Tour...,$38.75*,bubble_45,8 Reviews ,
Kuala,Genting Highlands Day Trip from Kuala...,$17.50*,bubble_40,8 Reviews ,
Kuala,Sunway Lagoon 1-Day Entrance Pass,$48.00*,bubble_50,2 Reviews ,
Kuala,Half-Day Kuala Lumpur City Tour,$7.50*,bubble_40,51 Reviews ,
Kuala,Kuala Lumpur Highlights Sightseeing...,$28.00*,bubble_45,398 Reviews ,
Kuala,Batu Caves and Malaysian Crafts Tour...,$12.00*,bubble_40,62 Reviews ,
Kuala,Kuala Lumpur Private Half-Day Family...,$70.00*,bubble_45,5 Reviews ,
Kuala,Batu Caves Tour from Kuala Lumpur,$30.66*,bubble_40,558 Reviews ,/AttractionProductReview-g298570-d11449679-Batu_Caves_Tour_from_Kuala_Lumpur-Kuala_Lumpur_Wilayah_Persekutuan.html
Kuala,Pulau Ketam Village Tour from Kuala...,$62.50*,bubble_40,22 Reviews ,
Kuala,Segway Tour: Guided Eco Ride at KL...,$59.00*,bubble_50,3 Reviews ,
Kuala,Half-Day Batu Cave and Kuala Lumpur...,$17.00*,bubble_40,6 Reviews ,
Kuala,Kuala Selangor Tour from Kuala Lumpur...,$66.40*,bubble_40,86 Reviews ,
Kuala,Private Tour: Kuala Lumpur Nature In...,$81.33*,bubble_45,17 Reviews ,
Kuala,"Batu Caves, Kuala Selangor Firefly...",$121.50*,bubble_50,6 Reviews ,
Kuala,2 hour Small Group Segway Tour of...,$52.00*,bubble_50,26 Reviews ,
Kathmandu,5-Day Sunrise Tour in Kathmandu Near...,$270.00*,bubble_45,5 Reviews ,
Kathmandu,4 Days Trek Around Kathmandu Nepal,$400.00*,,,
Kathmandu,8-Night Luxury Tour of Nepal from...,"$1,200.00*",bubble_50,10 Reviews ,
Kathmandu,Comfort in Himalayas-Langtang Valley...,$675.00*,bubble_50,2 Reviews ,
Kathmandu,Nagarkot Sunrise View and Day Hiking...,$50.00*,bubble_45,32 Reviews ,
Kathmandu,Comfort in Himalayas-Langtang Valley...,$675.00*,bubble_50,2 Reviews ,
Kathmandu,Kathmandu Day Hike in Kakani,$99.00*,bubble_40,1 Review ,
Kathmandu,4 Days Trek Around Kathmandu Nepal,$400.00*,,,
Colombo,Shore Excursion Colombo Port Terminal...,$7.00*,,,
Colombo,Private Kandy Day Tour from Colombo,$20.00*,bubble_50,1 Review ,
Colombo,HALF DAY PRIVATE CUSTOM COLOMBO CITY...,$9.00*,bubble_50,1 Review ,
Colombo,Private Street Food Tour of Colombo...,$16.00*,bubble_50,2 Reviews ,
Colombo,6-Day Sri Lanka Heritage Private Tour,$525.00*,bubble_40,5 Reviews ,
Colombo,5-Day Sri Lanka Central Highlands Tour,$375.00*,bubble_20,1 Review ,
Colombo,Week in Paradise - Private 7 Day Tour,$860.43*,,,
Colombo,02 NIGHTS HIGHLIGHTS OF CENTRAL SRI...,$258.00*,,,
Colombo,Sigiriya Rock Fortress and Cave...,$90.00*,bubble_45,36 Reviews ,/AttractionProductReview-g293962-d11456132-Sigiriya_Rock_Fortress_and_Cave_Temples_Private_Day_Trip-Colombo_Western_Province.html
Colombo,4-Day Essence of Sri Lanka Tour,$420.00*,bubble_45,3 Reviews ,
Colombo,10-Night Sri Lanka UNESCO Heritage...,"$1,345.00*",,,
Colombo,Colombo to Sigiriya and Hiriwadunna...,$99.00*,bubble_40,1 Review ,
Ho Chi Minh City,Phnom Penh to Ho Chi Minh City...,$245.99*,bubble_35,10 Reviews ,
Ho Chi Minh City,Cu Chi Tunnels from Ho Chi Minh City...,$85.00*,bubble_50,409 Reviews ,/AttractionProductReview-g293925-d11454631-Half_Day_Cu_Chi_Tunnels_from_Ho_Chi_Minh_City_by_Luxury_Speedboat-Ho_Chi_Minh_City.html
Ho Chi Minh City,Mekong Delta Tour from Ho Chi Minh...,$65.00*,bubble_45,693 Reviews ,/AttractionProductReview-g293925-d11450539-Mekong_Delta_Discovery_Small_Group_Adventure_Tour_from_Ho_Chi_Minh_City-Ho_Chi_Min.html
Ho Chi Minh City,Mekong Delta Deluxe Full-Day Group...,$38.00*,bubble_45,303 Reviews ,/AttractionProductReview-g293925-d11466162-Classic_Mekong_Delta_Deluxe_Group_Tour-Ho_Chi_Minh_City.html
Ho Chi Minh City,Phnom Penh to Ho Chi Minh City...,$245.99*,bubble_35,10 Reviews ,
Ho Chi Minh City,Mekong Delta from Ho Chi Minh City...,$112.00*,bubble_50,115 Reviews ,/AttractionProductReview-g293925-d11454633-Small_Group_Authentic_Mekong_Delta_Experience_by_Speedboat-Ho_Chi_Minh_City.html
Ho Chi Minh City,Ho Chi Minh City to Cu Chi Tunnels...,$89.00*,bubble_50,57 Reviews ,/AttractionProductReview-g293925-d11454630-Cu_Chi_Tunnels_and_Countryside_Tour_by_Luxury_Speedboat-Ho_Chi_Minh_City.html
Ho Chi Minh City,Upper Mekong River Day Trip from Ho...,$25.00*,bubble_45,64 Reviews ,
Ho Chi Minh City,"Cu Chi Tunnels, Cao Dai Temple...",$39.99*,bubble_45,56 Reviews ,
Ho Chi Minh City,Private Tour: Ho Chi Minh City...,$37.00*,bubble_45,85 Reviews ,
Ho Chi Minh City,Ho Chi Minh City Tour by Private Car...,$24.00*,bubble_40,34 Reviews ,
Ho Chi Minh City,Private Cu Chi Tunnels Half-Day Tour,$43.00*,bubble_50,32 Reviews ,
Ho Chi Minh City,Half-Day Private Scooter Tour...,$43.00*,bubble_50,16 Reviews ,
Ho Chi Minh City,Private Cu Chi Tunnels Half-Day Tour,$43.00*,bubble_50,32 Reviews ,
Ho Chi Minh City,"Cu Chi Tunnels, Cao Dai Temple...",$39.99*,bubble_45,56 Reviews ,
Ho Chi Minh City,Private Tour: Ho Chi Minh City...,$37.00*,bubble_45,85 Reviews ,
Ho Chi Minh City,Overnight Mekong Delta Tour from Ho...,$55.00*,bubble_45,30 Reviews ,
Ho Chi Minh City,Hanoi to Lao Cai and Sapa 3-Night...,$196.00*,bubble_45,6 Reviews ,
Ho Chi Minh City,2-day Mekong Delta Small-Group Tour...,$145.00*,bubble_50,24 Reviews ,
Ho Chi Minh City,3-Day Mekong River Tour from Ho Chi...,$125.00*,bubble_45,33 Reviews ,
Ho Chi Minh City,Hanoi to Lao Cai and Sapa 3-Night...,$196.00*,bubble_45,6 Reviews ,
Ho Chi Minh City,SAIGON_SIEM REAP 7 DAYS,$477.00*,bubble_40,1 Review ,
Ho Chi Minh City,Ho Chi Minh City 3-Day Tour with Cu...,$125.00*,bubble_35,2 Reviews ,
Ho Chi Minh City,3-Day Mekong River Tour from Ho Chi...,$125.00*,bubble_45,33 Reviews ,
Ho Chi Minh City,Ho Chi Minh City to Cu Chi Tunnel...,$26.00*,bubble_45,366 Reviews ,/AttractionProductReview-g293925-d11456719-Cu_Chi_Tunnels_Experience_Small_Group_Tour-Ho_Chi_Minh_City.html
Ho Chi Minh City,Half-Day Afternoon Cu Chi Tunnels Tour,$20.00*,bubble_45,102 Reviews ,/AttractionProductReview-g293925-d11455503-Half_Day_Afternoon_Cu_Chi_Tunnels_Tour-Ho_Chi_Minh_City.html
Ho Chi Minh City,Half-Day Small-Group Ho Chi Minh City...,$29.00*,bubble_50,50 Reviews ,
Ho Chi Minh City,Ho Chi Minh City Tour by Private Car...,$24.00*,bubble_40,34 Reviews ,
Ho Chi Minh City,Cu Chi Tunnels from Ho Chi Minh City...,$85.00*,bubble_50,409 Reviews ,/AttractionProductReview-g293925-d11454631-Half_Day_Cu_Chi_Tunnels_from_Ho_Chi_Minh_City_by_Luxury_Speedboat-Ho_Chi_Minh_City.html
Ho Chi Minh City,Mekong Delta Tour from Ho Chi Minh...,$65.00*,bubble_45,693 Reviews ,/AttractionProductReview-g293925-d11450539-Mekong_Delta_Discovery_Small_Group_Adventure_Tour_from_Ho_Chi_Minh_City-Ho_Chi_Min.html
Ho Chi Minh City,Cu Chi Tunnels and Mekong Delta VIP...,$80.00*,bubble_45,120 Reviews ,
Ho Chi Minh City,Mekong Delta Deluxe Full-Day Group...,$38.00*,bubble_45,303 Reviews ,/AttractionProductReview-g293925-d11466162-Classic_Mekong_Delta_Deluxe_Group_Tour-Ho_Chi_Minh_City.html
Hanoi,Full Day Halong Bay Islands and Cave...,$43.00*,bubble_45,127 Reviews ,/AttractionProductReview-g293924-d11456459-Full_Day_Halong_Bay_Islands_and_Cave_Tour_from_Hanoi-Hanoi.html
Hanoi,Halong Bay Full-Day Trip,$43.00*,bubble_45,65 Reviews ,
Hanoi,Hoa Lu and Tam Coc Biking and Boat...,$32.00*,bubble_45,31 Reviews ,
Hanoi,Full-Day Tour to Hoa Lu and Tam Coc...,$42.00*,bubble_45,37 Reviews ,
Hanoi,2-Day Oriental Sails Junk Cruise of...,$130.00*,bubble_45,46 Reviews ,
Hanoi,3-Day Halong Bay Cruise and Cat Ba...,$206.00*,bubble_45,21 Reviews ,/AttractionProductReview-g293923-d11456274-3_Day_Halong_Bay_Cruise_and_Cat_Ba_Island_Tour-Halong_Bay_Quang_Ninh_Province.html
Hanoi,Hanoi Street Food Walking Tour,$30.00*,bubble_50,220 Reviews ,
Hanoi,Halong Bay Small Group Tour with...,$100.00*,bubble_45,233 Reviews ,
Hanoi,2-Day Halong Bay Overnight Cruise...,$133.00*,bubble_45,18 Reviews ,/AttractionProductReview-g293923-d11472489-2_Day_Halong_Bay_Overnight_Cruise_from_Hanoi-Halong_Bay_Quang_Ninh_Province.html
Hanoi,Full Day Halong Bay Islands and Cave...,$43.00*,bubble_45,127 Reviews ,/AttractionProductReview-g293924-d11456459-Full_Day_Halong_Bay_Islands_and_Cave_Tour_from_Hanoi-Hanoi.html
Hanoi,Halong Bay from Hanoi Private Deluxe...,$69.32*,bubble_45,25 Reviews ,
Hanoi,Halong Bay Day Trip from Hanoi,$48.00*,bubble_40,21 Reviews ,
Hanoi,Halong Bay Small Group Tour with...,$100.00*,bubble_45,233 Reviews ,
Hanoi,Halong Bay Day Cruise from Hanoi,$46.00*,bubble_45,16 Reviews ,/AttractionProductReview-g293924-d11461581-Halong_Bay_Day_Cruise_from_Hanoi-Hanoi.html
Hanoi,Halong Bay Day Trip from Hanoi,$48.00*,bubble_40,21 Reviews ,
Hanoi,Halong Bay from Hanoi Private Deluxe...,$69.32*,bubble_45,25 Reviews ,
Hanoi,3-Day Halong Bay Cruise and Cat Ba...,$206.00*,bubble_45,21 Reviews ,/AttractionProductReview-g293923-d11456274-3_Day_Halong_Bay_Cruise_and_Cat_Ba_Island_Tour-Halong_Bay_Quang_Ninh_Province.html
Hanoi,"2-Day, 1-Night Halong Bay Discovery...",$129.00*,bubble_45,8 Reviews ,
Hanoi,3-Day Cruise with Kayaking and...,$263.00*,bubble_40,6 Reviews ,
Hanoi,Overnight Halong Bay Cruise with...,$138.00*,bubble_45,3 Reviews ,
Hanoi,Hanoi Street Food Walking Tour,$30.00*,bubble_50,220 Reviews ,
Hanoi,Small-Group Hanoi Street Food Tour...,$28.00*,bubble_50,130 Reviews ,
Hanoi,Private Street Food Tour with Expert...,$19.00*,bubble_50,60 Reviews ,
Hanoi,Hanoi Food on Foot: Walking Tour of...,$20.00*,bubble_45,19 Reviews ,
Hanoi,Hoa Lu and Tam Coc Biking and Boat...,$32.00*,bubble_45,31 Reviews ,
Hanoi,North Vietnam Countryside Bike and...,$75.00*,bubble_45,60 Reviews ,
Hanoi,Small-Group Hanoi Countryside...,$38.00*,bubble_45,41 Reviews ,
Hanoi,Hanoi Cyclo and Walking Small Group...,$36.00*,bubble_50,29 Reviews ,/AttractionProductReview-g293924-d11456747-Hanoi_Cyclo_and_Walking_Small_Group_Tour-Hanoi.html
Hanoi,Water Puppet Entrance Tickets with...,$11.00*,bubble_45,68 Reviews ,
Hanoi,Private Evening Cyclo Tour in Hanoi...,$58.00*,bubble_50,2 Reviews ,
Hanoi,Water Puppet Show and Old Quarter...,$32.00*,bubble_45,11 Reviews ,
Hanoi,Hanoi Cyclo City Tour with Water...,$39.00*,bubble_40,6 Reviews ,
Hanoi,3-Day Halong Bay Cruise and Cat Ba...,$206.00*,bubble_45,21 Reviews ,/AttractionProductReview-g293923-d11456274-3_Day_Halong_Bay_Cruise_and_Cat_Ba_Island_Tour-Halong_Bay_Quang_Ninh_Province.html
Hanoi,3-Day Ba Be Lake and Ban Gioc...,$279.00*,bubble_50,17 Reviews ,/AttractionProductReview-g293924-d11460151-3_Day_Ba_Be_Lake_and_Ban_Gioc_Waterfall_Tour_from_Hanoi-Hanoi.html
Hanoi,"Sapa, Muong Hoa Valley 3-Day Trek and...",$128.00*,bubble_40,4 Reviews ,
Hanoi,3-Day Halong Bay and Monkey Island...,$223.00*,bubble_40,3 Reviews ,
Hanoi,North Vietnam Countryside Bike and...,$75.00*,bubble_45,60 Reviews ,
Hanoi,Perfume Pagoda Day Tour from Hanoi,$38.00*,bubble_40,13 Reviews ,
Hanoi,Day Trip to the Ancient Capital of...,$47.00*,,,
Hanoi,Phu Lang and Dai Bai Old Handicraft...,$61.00*,,,
Hanoi,Hoa Lu and Tam Coc Biking and Boat...,$32.00*,bubble_45,31 Reviews ,
Hanoi,Small-Group Hanoi Countryside...,$38.00*,bubble_45,41 Reviews ,
Hanoi,Hanoi Cyclo and Walking Small Group...,$36.00*,bubble_50,29 Reviews ,/AttractionProductReview-g293924-d11456747-Hanoi_Cyclo_and_Walking_Small_Group_Tour-Hanoi.html
Hanoi,Amazing Morning Hanoi Bike Tour,$48.00*,bubble_50,5 Reviews ,
