City Name,Restaurant Name,Price Level,Rating,Review Number,Web Link
Beijing,The Lounge (The Ritz-Carlton Beijing),$$$$,5.0,233 ,https://www.tripadvisor.com/Restaurant_Review-g294212-d7227312-Reviews-The_Lounge_The_Ritz_Carlton_Beijing-Beijing.html
Beijing,Choy's Seafood Restaurant,$$$$,5.0,354 ,https://www.tripadvisor.com/Restaurant_Review-g294212-d3239084-Reviews-Choy_s_Seafood_Restaurant-Beijing.html
Beijing,The Garden Court,$$$$,5.0,163 ,https://www.tripadvisor.com/Restaurant_Review-g294212-d3511957-Reviews-The_Garden_Court-Beijing.html
Beijing,Aroma,$$$$,5.0,106 ,https://www.tripadvisor.com/Restaurant_Review-g294212-d4861457-Reviews-Aroma-Beijing.html
Beijing,Black Sesame Kitchen,$$ - $$$,4.5,730 ,https://www.tripadvisor.com/Restaurant_Review-g294212-d1581964-Reviews-Black_Sesame_Kitchen-Beijing.html
Beijing,BeiJing Haidilao Hot Pot (Wangfujing),$$ - $$$,4.5,566 ,https://www.tripadvisor.com/Restaurant_Review-g294212-d2264025-Reviews-BeiJing_Haidilao_Hot_Pot_Wangfujing-Beijing.html
Beijing,Siji Minfu Restaurant Peking Roast Duck (Dengshikou),$$ - $$$,4.5,945 ,https://www.tripadvisor.com/Restaurant_Review-g294212-d4754416-Reviews-Siji_Minfu_Restaurant_Peking_Roast_Duck_Dengshikou-Beijing.html
Beijing,Na Jia Restaurant (Yong'anli),$$ - $$$,4.5,306 ,https://www.tripadvisor.com/Restaurant_Review-g294212-d944947-Reviews-Na_Jia_Restaurant_Yong_anli-Beijing.html
Beijing,Lobby Lounge (JW Marriott Hotel Beijing),$$ - $$$,5.0,98 ,https://www.tripadvisor.com/Restaurant_Review-g294212-d10111018-Reviews-Lobby_Lounge_JW_Marriott_Hotel_Beijing-Beijing.html
Beijing,BLD (Renaissance Beijing Capital Hotel),$$ - $$$,5.0,157 ,https://www.tripadvisor.com/Restaurant_Review-g294212-d7221233-Reviews-BLD_Renaissance_Beijing_Capital_Hotel-Beijing.html
Beijing,The Garden Chinese Restaurant,$$ - $$$,5.0,117 ,https://www.tripadvisor.com/Restaurant_Review-g294212-d10769475-Reviews-The_Garden_Chinese_Restaurant-Beijing.html
Beijing,Fratelli Fresh,$$ - $$$,4.5,277 ,https://www.tripadvisor.com/Restaurant_Review-g294212-d3208489-Reviews-Fratelli_Fresh-Beijing.html
Beijing,Mr. Shi's Dumplings,$,4.5,599 ,https://www.tripadvisor.com/Restaurant_Review-g294212-d1964873-Reviews-Mr_Shi_s_Dumplings-Beijing.html
Beijing,Grandma's Home (APM),$,4.0,313 ,https://www.tripadvisor.com/Restaurant_Review-g294212-d3167043-Reviews-Grandma_s_Home_APM-Beijing.html
Beijing,Quan Xing Ju Restaurant,$,4.5,63 ,https://www.tripadvisor.com/Restaurant_Review-g294212-d2077523-Reviews-Quan_Xing_Ju_Restaurant-Beijing.html
Beijing,Donghuamen Night Market,$,3.5,238 ,https://www.tripadvisor.com/Restaurant_Review-g294212-d1204493-Reviews-Donghuamen_Night_Market-Beijing.html
Beijing,"Cepe (The Ritz-Carlton Beijing, Financial Street)",$$$$,4.5,65 ,https://www.tripadvisor.com/Restaurant_Review-g294212-d2353607-Reviews-Cepe_The_Ritz_Carlton_Beijing_Financial_Street-Beijing.html
Beijing,China Grill,$$$$,4.0,126 ,https://www.tripadvisor.com/Restaurant_Review-g294212-d1541512-Reviews-China_Grill-Beijing.html
Beijing,The Lobby at The Peninsula Beijing,$$ - $$$,4.0,18 ,https://www.tripadvisor.com/Restaurant_Review-g294212-d2399121-Reviews-The_Lobby_at_The_Peninsula_Beijing-Beijing.html
Beijing,Huang Ting,$$$$,4.0,1 ,https://www.tripadvisor.com/Restaurant_Review-g294212-d11903087-Reviews-Huang_Ting-Beijing.html
Beijing,The Garden Court,$$$$,5.0,163 ,https://www.tripadvisor.com/Restaurant_Review-g294212-d3511957-Reviews-The_Garden_Court-Beijing.html
Beijing,BLD (Renaissance Beijing Capital Hotel),$$ - $$$,5.0,157 ,https://www.tripadvisor.com/Restaurant_Review-g294212-d7221233-Reviews-BLD_Renaissance_Beijing_Capital_Hotel-Beijing.html
Beijing,Lobby Lounge (JW Marriott Hotel Beijing),$$ - $$$,5.0,98 ,https://www.tripadvisor.com/Restaurant_Review-g294212-d10111018-Reviews-Lobby_Lounge_JW_Marriott_Hotel_Beijing-Beijing.html
Beijing,Aroma,$$$$,5.0,106 ,https://www.tripadvisor.com/Restaurant_Review-g294212-d4861457-Reviews-Aroma-Beijing.html
Shanghai,Salon de Ville at Waldorf Astoria Shanghai on the Bund,$$$$,5.0,98 ,https://www.tripadvisor.com/Restaurant_Review-g308272-d3805307-Reviews-Salon_de_Ville_at_Waldorf_Astoria_Shanghai_on_the_Bund-Shanghai.html
Shanghai,Ultraviolet by Paul Pairet,$$$$,5.0,187 ,https://www.tripadvisor.com/Restaurant_Review-g308272-d3295750-Reviews-Ultraviolet_by_Paul_Pairet-Shanghai.html
Shanghai,"Jin Xuan Chinese Restaurant (The Ritz-Carlton Shanghai, Pudong)",$$$$,5.0,339 ,https://www.tripadvisor.com/Restaurant_Review-g308272-d2661749-Reviews-Jin_Xuan_Chinese_Restaurant_The_Ritz_Carlton_Shanghai_Pudong-Shanghai.html
Shanghai,Scena (The Ritz-Carlton Shanghai Pudong),$$$$,4.5,692 ,https://www.tripadvisor.com/Restaurant_Review-g308272-d2102063-Reviews-Scena_The_Ritz_Carlton_Shanghai_Pudong-Shanghai.html
Shanghai,Jia Jia Tang Bao(Huanghe Road),$,4.5,783 ,https://www.tripadvisor.com/Restaurant_Review-g308272-d1015824-Reviews-Jia_Jia_Tang_Bao_Huanghe_Road-Shanghai.html
Shanghai,Yang's Fried-Dumpling (Ningbo Road),$,4.5,267 ,https://www.tripadvisor.com/Restaurant_Review-g308272-d2159393-Reviews-Yang_s_Fried_Dumpling_Ningbo_Road-Shanghai.html
Shanghai,Yang's Fried Dumplings (HuangHe Road),$,4.5,608 ,https://www.tripadvisor.com/Restaurant_Review-g308272-d2035728-Reviews-Yang_s_Fried_Dumplings_HuangHe_Road-Shanghai.html
Shanghai,Yang' s Fry-Dumpling（Wujiang Store),$,4.5,574 ,https://www.tripadvisor.com/Restaurant_Review-g308272-d1533218-Reviews-Yang_s_Fry_Dumpling_Wujiang_Store-Shanghai.html
Shanghai,Efes Restaurant Turkish & Mediterranean Cuisine,$$ - $$$,4.5,892 ,https://www.tripadvisor.com/Restaurant_Review-g308272-d3786795-Reviews-Efes_Restaurant_Turkish_Mediterranean_Cuisine-Shanghai.html
Shanghai,The Fellas,$$ - $$$,4.5,215 ,https://www.tripadvisor.com/Restaurant_Review-g308272-d10839793-Reviews-The_Fellas-Shanghai.html
Shanghai,Vanca`s Ribs & BBQ (Bulgarian Cuisine),$$ - $$$,4.5,141 ,https://www.tripadvisor.com/Restaurant_Review-g308272-d6556136-Reviews-Vanca_s_Ribs_BBQ_Bulgarian_Cuisine-Shanghai.html
Shanghai,Goodfellas,$$ - $$$,4.5,"1,299 ",https://www.tripadvisor.com/Restaurant_Review-g308272-d4452229-Reviews-Goodfellas-Shanghai.html
Shanghai,Yang's Fried-Dumpling (Ningbo Road),$,4.5,267 ,https://www.tripadvisor.com/Restaurant_Review-g308272-d2159393-Reviews-Yang_s_Fried_Dumpling_Ningbo_Road-Shanghai.html
Shanghai,Yang' s Fry-Dumpling（Wujiang Store),$,4.5,574 ,https://www.tripadvisor.com/Restaurant_Review-g308272-d1533218-Reviews-Yang_s_Fry_Dumpling_Wujiang_Store-Shanghai.html
Shanghai,Jia Jia Tang Bao(Huanghe Road),$,4.5,783 ,https://www.tripadvisor.com/Restaurant_Review-g308272-d1015824-Reviews-Jia_Jia_Tang_Bao_Huanghe_Road-Shanghai.html
Shanghai,Yang's Fried Dumplings (HuangHe Road),$,4.5,608 ,https://www.tripadvisor.com/Restaurant_Review-g308272-d2035728-Reviews-Yang_s_Fried_Dumplings_HuangHe_Road-Shanghai.html
Shanghai,"Jin Xuan Chinese Restaurant (The Ritz-Carlton Shanghai, Pudong)",$$$$,5.0,339 ,https://www.tripadvisor.com/Restaurant_Review-g308272-d2661749-Reviews-Jin_Xuan_Chinese_Restaurant_The_Ritz_Carlton_Shanghai_Pudong-Shanghai.html
Shanghai,Scena (The Ritz-Carlton Shanghai Pudong),$$$$,4.5,692 ,https://www.tripadvisor.com/Restaurant_Review-g308272-d2102063-Reviews-Scena_The_Ritz_Carlton_Shanghai_Pudong-Shanghai.html
Shanghai,Hakkasan,$$$$,4.5,871 ,https://www.tripadvisor.com/Restaurant_Review-g308272-d6510103-Reviews-Hakkasan-Shanghai.html
Shanghai,The Chop Chop Club | UNICO,$$$$,4.5,63 ,https://www.tripadvisor.com/Restaurant_Review-g308272-d12245450-Reviews-The_Chop_Chop_Club_UNICO-Shanghai.html
Shanghai,Windows on the Park,$$ - $$$,4.5,101 ,https://www.tripadvisor.com/Restaurant_Review-g308272-d4771373-Reviews-Windows_on_the_Park-Shanghai.html
Shanghai,Wow Cafe & Bar,$$ - $$$,5.0,60 ,https://www.tripadvisor.com/Restaurant_Review-g308272-d8442222-Reviews-Wow_Cafe_Bar-Shanghai.html
Shanghai,Grand Brasserie at Waldorf Astoria Shanghai on the Bund,$$$$,4.5,122 ,https://www.tripadvisor.com/Restaurant_Review-g308272-d3803000-Reviews-Grand_Brasserie_at_Waldorf_Astoria_Shanghai_on_the_Bund-Shanghai.html
Shanghai,Yi Cafe at Pudong Shangri-La,$$$$,4.5,308 ,https://www.tripadvisor.com/Restaurant_Review-g308272-d806220-Reviews-Yi_Cafe_at_Pudong_Shangri_La-Shanghai.html
Guangzhou,Westin Guangzhou HongMian Chinese Restaurant,$$$$,5.0,96 ,https://www.tripadvisor.com/Restaurant_Review-g298555-d3512817-Reviews-Westin_Guangzhou_HongMian_Chinese_Restaurant-Guangzhou_Guangdong.html
Guangzhou,Le Sainte Maxime,$$$$,4.5,111 ,https://www.tripadvisor.com/Restaurant_Review-g298555-d7137235-Reviews-Le_Sainte_Maxime-Guangzhou_Guangdong.html
Guangzhou,Prego,$$$$,4.5,132 ,https://www.tripadvisor.com/Restaurant_Review-g298555-d1073149-Reviews-Prego-Guangzhou_Guangdong.html
Guangzhou,Wilber's,$$$$,4.5,125 ,https://www.tripadvisor.com/Restaurant_Review-g298555-d1817351-Reviews-Wilber_s-Guangzhou_Guangdong.html
Guangzhou,The Kitchen Table (Guangzhou W Hotel),$$ - $$$,5.0,340 ,https://www.tripadvisor.com/Restaurant_Review-g298555-d7333002-Reviews-The_Kitchen_Table_Guangzhou_W_Hotel-Guangzhou_Guangdong.html
Guangzhou,Bingsheng Pinwei Restaurant (Tianhe),$$ - $$$,4.0,118 ,https://www.tripadvisor.com/Restaurant_Review-g298555-d1116909-Reviews-Bingsheng_Pinwei_Restaurant_Tianhe-Guangzhou_Guangdong.html
Guangzhou,Guangzhou Restaurant,$$ - $$$,4.0,248 ,https://www.tripadvisor.com/Restaurant_Review-g298555-d2177844-Reviews-Guangzhou_Restaurant-Guangzhou_Guangdong.html
Guangzhou,Bingsheng Pinwei Restaurant (Haiyin),$$ - $$$,4.0,34 ,https://www.tripadvisor.com/Restaurant_Review-g298555-d1418921-Reviews-Bingsheng_Pinwei_Restaurant_Haiyin-Guangzhou_Guangdong.html
Guangzhou,Tiger Prawn (Huifudong Road),$$ - $$$,4.5,457 ,https://www.tripadvisor.com/Restaurant_Review-g298555-d1625162-Reviews-Tiger_Prawn_Huifudong_Road-Guangzhou_Guangdong.html
Guangzhou,Social&Co,$$ - $$$,4.5,249 ,https://www.tripadvisor.com/Restaurant_Review-g298555-d6378094-Reviews-Social_Co-Guangzhou_Guangdong.html
Guangzhou,Sultan Restaurant Guangzhou,$$ - $$$,4.5,519 ,https://www.tripadvisor.com/Restaurant_Review-g298555-d1006324-Reviews-Sultan_Restaurant_Guangzhou-Guangzhou_Guangdong.html
Guangzhou,Orient Express French restaurant,$$ - $$$,4.5,211 ,https://www.tripadvisor.com/Restaurant_Review-g298555-d2142393-Reviews-Orient_Express_French_restaurant-Guangzhou_Guangdong.html
Guangzhou,Enzo&Max - Authentic French Crepes,$,5.0,32 ,https://www.tripadvisor.com/Restaurant_Review-g298555-d12170378-Reviews-Enzo_Max_Authentic_French_Crepes-Guangzhou_Guangdong.html
Guangzhou,Chicken Express,$,4.5,146 ,https://www.tripadvisor.com/Restaurant_Review-g298555-d4309516-Reviews-Chicken_Express-Guangzhou_Guangdong.html
Guangzhou,Yin Ji ChangFen Dian (Hui Fu East Road),$,4.5,48 ,https://www.tripadvisor.com/Restaurant_Review-g298555-d3503948-Reviews-Yin_Ji_ChangFen_Dian_Hui_Fu_East_Road-Guangzhou_Guangdong.html
Guangzhou,Chay Hana Turkish Restaurant,$,5.0,23 ,https://www.tripadvisor.com/Restaurant_Review-g298555-d10772028-Reviews-Chay_Hana_Turkish_Restaurant-Guangzhou_Guangdong.html
Guangzhou,Westin Guangzhou Seasonal Tastes Restaurant,International,5.0,64 ,https://www.tripadvisor.com/Restaurant_Review-g298555-d3512387-Reviews-Westin_Guangzhou_Seasonal_Tastes_Restaurant-Guangzhou_Guangdong.html
Guangzhou,Starbucks (ShaMian),$$ - $$$,4.5,205 ,https://www.tripadvisor.com/Restaurant_Review-g298555-d3503326-Reviews-Starbucks_ShaMian-Guangzhou_Guangdong.html
Guangzhou,City Bistro Guangzhou Marriott Hotel Tianhe,$$$$,4.5,52 ,https://www.tripadvisor.com/Restaurant_Review-g298555-d8610250-Reviews-City_Bistro_Guangzhou_Marriott_Hotel_Tianhe-Guangzhou_Guangdong.html
Guangzhou,Dian Dou De (Ju FuLou),$$ - $$$,4.5,123 ,https://www.tripadvisor.com/Restaurant_Review-g298555-d6214488-Reviews-Dian_Dou_De_Ju_FuLou-Guangzhou_Guangdong.html
Hangzhou,Jin Sha (Four Seasons Hotel Hangzhou at West Lake),$$$$,4.5,158 ,https://www.tripadvisor.com/Restaurant_Review-g298559-d2091009-Reviews-Jin_Sha_Four_Seasons_Hotel_Hangzhou_at_West_Lake-Hangzhou_Zhejiang.html
Hangzhou,"Lanting Chinese Restaurant (The Azure Qiantang, a Luxury Collection Hotel, Hangzhou)",$$$$,5.0,66 ,https://www.tripadvisor.com/Restaurant_Review-g298559-d12415895-Reviews-Lanting_Chinese_Restaurant_The_Azure_Qiantang_a_Luxury_Collection_Hotel_Hangzhou.html
Hangzhou,28 Hubin Road,$$$$,4.5,173 ,https://www.tripadvisor.com/Restaurant_Review-g298559-d2391121-Reviews-28_Hubin_Road-Hangzhou_Zhejiang.html
Hangzhou,Gui Yu ShanFang GaoJi Restaurant,$$$$,5.0,23 ,https://www.tripadvisor.com/Restaurant_Review-g298559-d3402150-Reviews-Gui_Yu_ShanFang_GaoJi_Restaurant-Hangzhou_Zhejiang.html
Hangzhou,Panorama Signature Restaurant & Bar,$$ - $$$,5.0,77 ,https://www.tripadvisor.com/Restaurant_Review-g298559-d12680377-Reviews-Panorama_Signature_Restaurant_Bar-Hangzhou_Zhejiang.html
Hangzhou,The Grandma's Restaurant (Wai Po Jia),$$ - $$$,4.0,209 ,https://www.tripadvisor.com/Restaurant_Review-g298559-d1573998-Reviews-The_Grandma_s_Restaurant_Wai_Po_Jia-Hangzhou_Zhejiang.html
Hangzhou,Grandma's Restaurant(Hubin),$$ - $$$,4.0,312 ,https://www.tripadvisor.com/Restaurant_Review-g298559-d3394298-Reviews-Grandma_s_Restaurant_Hubin-Hangzhou_Zhejiang.html
Hangzhou,Lou WaiLou (GuShan Road),$$ - $$$,3.5,259 ,https://www.tripadvisor.com/Restaurant_Review-g298559-d1597639-Reviews-Lou_WaiLou_GuShan_Road-Hangzhou_Zhejiang.html
Hangzhou,Asia Bistro,$$ - $$$,5.0,76 ,https://www.tripadvisor.com/Restaurant_Review-g298559-d3401063-Reviews-Asia_Bistro-Hangzhou_Zhejiang.html
Hangzhou,LvCha (LongJing Road),$$ - $$$,4.0,199 ,https://www.tripadvisor.com/Restaurant_Review-g298559-d1588190-Reviews-LvCha_LongJing_Road-Hangzhou_Zhejiang.html
Hangzhou,Sawasdee Thai Restaurant,$$ - $$$,4.5,143 ,https://www.tripadvisor.com/Restaurant_Review-g298559-d2516693-Reviews-Sawasdee_Thai_Restaurant-Hangzhou_Zhejiang.html
Hangzhou,Haidilao Hot Pot (Yong Jin Plaza),$$ - $$$,4.5,61 ,https://www.tripadvisor.com/Restaurant_Review-g298559-d3401614-Reviews-Haidilao_Hot_Pot_Yong_Jin_Plaza-Hangzhou_Zhejiang.html
Hangzhou,XinFeng XiaoChi (QingChun),$,4.5,29 ,https://www.tripadvisor.com/Restaurant_Review-g298559-d3402985-Reviews-XinFeng_XiaoChi_QingChun-Hangzhou_Zhejiang.html
Hangzhou,LvCha (XiHu Yin Tai),$,4.5,24 ,https://www.tripadvisor.com/Restaurant_Review-g298559-d4675105-Reviews-LvCha_XiHu_Yin_Tai-Hangzhou_Zhejiang.html
Hangzhou,BaiLu Restaurant (LongYou Road),$,4.0,31 ,https://www.tripadvisor.com/Restaurant_Review-g298559-d3402943-Reviews-BaiLu_Restaurant_LongYou_Road-Hangzhou_Zhejiang.html
Hangzhou,HangZhou BaiLu Restaurant (ZhongShan North Road),$,4.0,27 ,https://www.tripadvisor.com/Restaurant_Review-g298559-d1655023-Reviews-HangZhou_BaiLu_Restaurant_ZhongShan_North_Road-Hangzhou_Zhejiang.html
Hangzhou,Hang Zhou Cafe Courtyard Hangzhou Qianjiang,$$ - $$$,5.0,29 ,https://www.tripadvisor.com/Restaurant_Review-g298559-d10256535-Reviews-Hang_Zhou_Cafe_Courtyard_Hangzhou_Qianjiang-Hangzhou_Zhejiang.html
Hangzhou,CITY BISTRO,$$ - $$$,5.0,28 ,https://www.tripadvisor.com/Restaurant_Review-g298559-d10430603-Reviews-CITY_BISTRO-Hangzhou_Zhejiang.html
Hangzhou,WL Bistro (Four Seasons Hotel Hangzhou at West Lake),$$$$,4.5,31 ,https://www.tripadvisor.com/Restaurant_Review-g298559-d3402330-Reviews-WL_Bistro_Four_Seasons_Hotel_Hangzhou_at_West_Lake-Hangzhou_Zhejiang.html
Hangzhou,Myth cafe(Uneed),$$ - $$$,4.5,24 ,https://www.tripadvisor.com/Restaurant_Review-g298559-d8375924-Reviews-Myth_cafe_Uneed-Hangzhou_Zhejiang.html
Tokyo,Ise Sueyoshi,$$$$,5.0,287 ,https://www.tripadvisor.com/Restaurant_Review-g1066451-d8261420-Reviews-Ise_Sueyoshi-Minato_Tokyo_Tokyo_Prefecture_Kanto.html
Tokyo,Han no Daidokoro,$$$$,5.0,193 ,https://www.tripadvisor.com/Restaurant_Review-g1066456-d9743740-Reviews-Han_no_Daidokoro-Shibuya_Tokyo_Tokyo_Prefecture_Kanto.html
Tokyo,Steak House Pound Akihabara,$$$$,5.0,148 ,https://www.tripadvisor.com/Restaurant_Review-g1066443-d10783846-Reviews-Steak_House_Pound_Akihabara-Chiyoda_Tokyo_Tokyo_Prefecture_Kanto.html
Tokyo,Tapas Molecular Bar,$$$$,5.0,470 ,https://www.tripadvisor.com/Restaurant_Review-g1066444-d2212678-Reviews-Tapas_Molecular_Bar-Chuo_Tokyo_Tokyo_Prefecture_Kanto.html
Tokyo,"Nabezo, Shinjuku East Entrance",$$ - $$$,5.0,435 ,https://www.tripadvisor.com/Restaurant_Review-g1066457-d8325092-Reviews-Nabezo_Shinjuku_East_Entrance-Shinjuku_Tokyo_Tokyo_Prefecture_Kanto.html
Tokyo,Kaikaya,$$ - $$$,4.5,599 ,https://www.tripadvisor.com/Restaurant_Review-g1066456-d1177947-Reviews-Kaikaya-Shibuya_Tokyo_Tokyo_Prefecture_Kanto.html
Tokyo,Asakusa Okonomiyaki Sometaro,$$ - $$$,4.5,648 ,https://www.tripadvisor.com/Restaurant_Review-g1066461-d1178514-Reviews-Asakusa_Okonomiyaki_Sometaro-Taito_Tokyo_Tokyo_Prefecture_Kanto.html
Tokyo,Andy's Shin Hinomoto,$$ - $$$,4.5,266 ,https://www.tripadvisor.com/Restaurant_Review-g1066443-d2423578-Reviews-Andy_s_Shin_Hinomoto-Chiyoda_Tokyo_Tokyo_Prefecture_Kanto.html
Tokyo,Han no Daidokoro Kadochika,$$ - $$$,5.0,664 ,https://www.tripadvisor.com/Restaurant_Review-g1066456-d9743663-Reviews-Han_no_Daidokoro_Kadochika-Shibuya_Tokyo_Tokyo_Prefecture_Kanto.html
Tokyo,Bar Star Star,$$ - $$$,5.0,120 ,https://www.tripadvisor.com/Restaurant_Review-g1066456-d11746028-Reviews-Bar_Star_Star-Shibuya_Tokyo_Tokyo_Prefecture_Kanto.html
Tokyo,Glutenfree Cafe Littlebird,$$ - $$$,5.0,241 ,https://www.tripadvisor.com/Restaurant_Review-g1066456-d8449399-Reviews-Glutenfree_Cafe_Littlebird-Shibuya_Tokyo_Tokyo_Prefecture_Kanto.html
Tokyo,Ginza 300BAR 5Chome,$$ - $$$,5.0,120 ,https://www.tripadvisor.com/Restaurant_Review-g1066444-d10087853-Reviews-Ginza_300BAR_5Chome-Chuo_Tokyo_Tokyo_Prefecture_Kanto.html
Tokyo,Ippudo Roppongi,$,4.5,400 ,https://www.tripadvisor.com/Restaurant_Review-g1066451-d1659036-Reviews-Ippudo_Roppongi-Minato_Tokyo_Tokyo_Prefecture_Kanto.html
Tokyo,"Ichiran, Shibuya",$,4.5,"1,644 ",https://www.tripadvisor.com/Restaurant_Review-g1066456-d1688898-Reviews-Ichiran_Shibuya-Shibuya_Tokyo_Tokyo_Prefecture_Kanto.html
Tokyo,Uobei Shibuya Dogenzaka,$,4.5,738 ,https://www.tripadvisor.com/Restaurant_Review-g1066456-d3871559-Reviews-Uobei_Shibuya_Dogenzaka-Shibuya_Tokyo_Tokyo_Prefecture_Kanto.html
Tokyo,Ichiran Shinjuku Central East Entrance,$,4.5,927 ,https://www.tripadvisor.com/Restaurant_Review-g1066457-d3752270-Reviews-Ichiran_Shinjuku_Central_East_Entrance-Shinjuku_Tokyo_Tokyo_Prefecture_Kanto.html
Tokyo,Shou Tsukiji,$$ - $$$,5.0,68 ,https://www.tripadvisor.com/Restaurant_Review-g1066444-d12098456-Reviews-Shou_Tsukiji-Chuo_Tokyo_Tokyo_Prefecture_Kanto.html
Tokyo,Suke6 Diner,$$ - $$$,4.5,110 ,https://www.tripadvisor.com/Restaurant_Review-g1066461-d7891820-Reviews-Suke6_Diner-Taito_Tokyo_Tokyo_Prefecture_Kanto.html
Tokyo,Girandole,$$$$,4.0,196 ,https://www.tripadvisor.com/Restaurant_Review-g1066457-d1198517-Reviews-Girandole-Shinjuku_Tokyo_Tokyo_Prefecture_Kanto.html
Tokyo,Sarabeth's Restaurants Lumine Shinjuku,$$ - $$$,4.0,240 ,https://www.tripadvisor.com/Restaurant_Review-g1066457-d3607435-Reviews-Sarabeth_s_Restaurants_Lumine_Shinjuku-Shinjuku_Tokyo_Tokyo_Prefecture_Kanto.html
Kyoto,"Restaurant Matsukiya, Kyoto Shijo",$$$$,5.0,252 ,https://www.tripadvisor.com/Restaurant_Review-g298564-d7074497-Reviews-Restaurant_Matsukiya_Kyoto_Shijo-Kyoto_Kyoto_Prefecture_Kinki.html
Kyoto,Premium Pound Sanjo Kiyamachi,$$$$,4.5,333 ,https://www.tripadvisor.com/Restaurant_Review-g298564-d11779206-Reviews-Premium_Pound_Sanjo_Kiyamachi-Kyoto_Kyoto_Prefecture_Kinki.html
Kyoto,Jiki Miyazawa,$$$$,5.0,129 ,https://www.tripadvisor.com/Restaurant_Review-g298564-d3381658-Reviews-Jiki_Miyazawa-Kyoto_Kyoto_Prefecture_Kinki.html
Kyoto,Hafuu Honten,$$$$,4.5,698 ,https://www.tripadvisor.com/Restaurant_Review-g298564-d1664829-Reviews-Hafuu_Honten-Kyoto_Kyoto_Prefecture_Kinki.html
Kyoto,Okonomiyaki Katsu,$,5.0,296 ,https://www.tripadvisor.com/Restaurant_Review-g298564-d7437189-Reviews-Okonomiyaki_Katsu-Kyoto_Kyoto_Prefecture_Kinki.html
Kyoto,Teppan Tavern Tenamonya,$$ - $$$,5.0,292 ,https://www.tripadvisor.com/Restaurant_Review-g298564-d3884813-Reviews-Teppan_Tavern_Tenamonya-Kyoto_Kyoto_Prefecture_Kinki.html
Kyoto,Nikumon,$$ - $$$,4.5,157 ,https://www.tripadvisor.com/Restaurant_Review-g298564-d9675221-Reviews-Nikumon-Kyoto_Kyoto_Prefecture_Kinki.html
Kyoto,Shishin Samurai Restaurant,$$ - $$$,4.5,498 ,https://www.tripadvisor.com/Restaurant_Review-g298564-d2170569-Reviews-Shishin_Samurai_Restaurant-Kyoto_Kyoto_Prefecture_Kinki.html
Kyoto,Arash's Kitchen,$$ - $$$,5.0,894 ,https://www.tripadvisor.com/Restaurant_Review-g298564-d7459894-Reviews-Arash_s_Kitchen-Kyoto_Kyoto_Prefecture_Kinki.html
Kyoto,Teppanyaki & Sake Bar OAGARI,$$ - $$$,5.0,108 ,https://www.tripadvisor.com/Restaurant_Review-g298564-d12951657-Reviews-Teppanyaki_Sake_Bar_OAGARI-Kyoto_Kyoto_Prefecture_Kinki.html
Kyoto,Sushi Naritaya,$$ - $$$,5.0,153 ,https://www.tripadvisor.com/Restaurant_Review-g298564-d11868064-Reviews-Sushi_Naritaya-Kyoto_Kyoto_Prefecture_Kinki.html
Kyoto,"Hamburg & Steak Pound, Umekoji",$$ - $$$,4.5,618 ,https://www.tripadvisor.com/Restaurant_Review-g298564-d7894249-Reviews-Hamburg_Steak_Pound_Umekoji-Kyoto_Kyoto_Prefecture_Kinki.html
Kyoto,Teppanyaki Manryu,$,5.0,88 ,https://www.tripadvisor.com/Restaurant_Review-g298564-d4222758-Reviews-Teppanyaki_Manryu-Kyoto_Kyoto_Prefecture_Kinki.html
Kyoto,"Musoshin, Gion",$,4.5,285 ,https://www.tripadvisor.com/Restaurant_Review-g298564-d7122319-Reviews-Musoshin_Gion-Kyoto_Kyoto_Prefecture_Kinki.html
Kyoto,Ramen Sen No Kaze,$,4.5,695 ,https://www.tripadvisor.com/Restaurant_Review-g298564-d3788802-Reviews-Ramen_Sen_No_Kaze-Kyoto_Kyoto_Prefecture_Kinki.html
Kyoto,Kyoto Takabashi Honke Daiichi Asahi,$,4.5,439 ,https://www.tripadvisor.com/Restaurant_Review-g298564-d3178693-Reviews-Kyoto_Takabashi_Honke_Daiichi_Asahi-Kyoto_Kyoto_Prefecture_Kinki.html
Kyoto,Wholefood Cafe Apprivoiser,$$ - $$$,5.0,117 ,https://www.tripadvisor.com/Restaurant_Review-g298564-d7389942-Reviews-Wholefood_Cafe_Apprivoiser-Kyoto_Kyoto_Prefecture_Kinki.html
Kyoto,"Key's Cafe, Kyoto Yasakanoto",$$ - $$$,5.0,88 ,https://www.tripadvisor.com/Restaurant_Review-g298564-d8080795-Reviews-Key_s_Cafe_Kyoto_Yasakanoto-Kyoto_Kyoto_Prefecture_Kinki.html
Kyoto,"Shinshindo, Sanjo Kawaramachi",$$ - $$$,4.5,202 ,https://www.tripadvisor.com/Restaurant_Review-g298564-d2652635-Reviews-Shinshindo_Sanjo_Kawaramachi-Kyoto_Kyoto_Prefecture_Kinki.html
Kyoto,Smart Coffee,$$ - $$$,4.0,127 ,https://www.tripadvisor.com/Restaurant_Review-g298564-d7098974-Reviews-Smart_Coffee-Kyoto_Kyoto_Prefecture_Kinki.html
Osaka,"Matsusakagyu Yakiniku M, Hozenji Yokocho",$$$$,4.5,"1,019 ",https://www.tripadvisor.com/Restaurant_Review-g298566-d3270759-Reviews-Matsusakagyu_Yakiniku_M_Hozenji_Yokocho-Osaka_Osaka_Prefecture_Kinki.html
Osaka,La Baie,$$$$,4.5,95 ,https://www.tripadvisor.com/Restaurant_Review-g298566-d1663482-Reviews-La_Baie-Osaka_Osaka_Prefecture_Kinki.html
Osaka,Fujiya 1935,$$$$,4.5,125 ,https://www.tripadvisor.com/Restaurant_Review-g298566-d1867756-Reviews-Fujiya_1935-Osaka_Osaka_Prefecture_Kinki.html
Osaka,St. Regis Bar,$$$$,4.5,176 ,https://www.tripadvisor.com/Restaurant_Review-g298566-d3447428-Reviews-St_Regis_Bar-Osaka_Osaka_Prefecture_Kinki.html
Osaka,Okonomiyaki Chitose,$,5.0,448 ,https://www.tripadvisor.com/Restaurant_Review-g298566-d7439604-Reviews-Okonomiyaki_Chitose-Osaka_Osaka_Prefecture_Kinki.html
Osaka,Kiji Umeda Sky Bldg.,$$ - $$$,4.5,567 ,https://www.tripadvisor.com/Restaurant_Review-g298566-d1700891-Reviews-Kiji_Umeda_Sky_Bldg-Osaka_Osaka_Prefecture_Kinki.html
Osaka,Ajinoya,$$ - $$$,4.5,242 ,https://www.tripadvisor.com/Restaurant_Review-g298566-d1678755-Reviews-Ajinoya-Osaka_Osaka_Prefecture_Kinki.html
Osaka,Fukutaro,$,4.5,197 ,https://www.tripadvisor.com/Restaurant_Review-g298566-d3610195-Reviews-Fukutaro-Osaka_Osaka_Prefecture_Kinki.html
Osaka,Kuma Kafe,$$ - $$$,5.0,560 ,https://www.tripadvisor.com/Restaurant_Review-g298566-d6483293-Reviews-Kuma_Kafe-Osaka_Osaka_Prefecture_Kinki.html
Osaka,Alto Tritone,$$ - $$$,5.0,129 ,https://www.tripadvisor.com/Restaurant_Review-g298566-d7729321-Reviews-Alto_Tritone-Osaka_Osaka_Prefecture_Kinki.html
Osaka,Maidreamin Osaka Nipponbashi OTA Road,$$ - $$$,5.0,132 ,https://www.tripadvisor.com/Restaurant_Review-g298566-d8098626-Reviews-Maidreamin_Osaka_Nipponbashi_OTA_Road-Osaka_Osaka_Prefecture_Kinki.html
Osaka,"Maidreamin, Osaka Namba",$$ - $$$,5.0,168 ,https://www.tripadvisor.com/Restaurant_Review-g298566-d11538697-Reviews-Maidreamin_Osaka_Namba-Osaka_Osaka_Prefecture_Kinki.html
Osaka,Pizza Bar Fullhouse,$,4.5,147 ,https://www.tripadvisor.com/Restaurant_Review-g298566-d8145278-Reviews-Pizza_Bar_Fullhouse-Osaka_Osaka_Prefecture_Kinki.html
Osaka,Yakumido,$,5.0,65 ,https://www.tripadvisor.com/Restaurant_Review-g298566-d9974963-Reviews-Yakumido-Osaka_Osaka_Prefecture_Kinki.html
Osaka,Hakata Ippudo Namba,$,4.5,170 ,https://www.tripadvisor.com/Restaurant_Review-g298566-d3751812-Reviews-Hakata_Ippudo_Namba-Osaka_Osaka_Prefecture_Kinki.html
Osaka,Hanadako,$,4.5,153 ,https://www.tripadvisor.com/Restaurant_Review-g298566-d6849027-Reviews-Hanadako-Osaka_Osaka_Prefecture_Kinki.html
Osaka,Remone,$$ - $$$,4.0,146 ,https://www.tripadvisor.com/Restaurant_Review-g298566-d2311922-Reviews-Remone-Osaka_Osaka_Prefecture_Kinki.html
Osaka,Amadeus,$$ - $$$,4.0,67 ,https://www.tripadvisor.com/Restaurant_Review-g298566-d4501163-Reviews-Amadeus-Osaka_Osaka_Prefecture_Kinki.html
Osaka,"Egg'n Things, The Park Front Hotel",$$ - $$$,4.0,85 ,https://www.tripadvisor.com/Restaurant_Review-g298566-d8870959-Reviews-Egg_n_Things_The_Park_Front_Hotel-Osaka_Osaka_Prefecture_Kinki.html
Osaka,Eggs 'n Things Shinsaibashi,$$ - $$$,4.0,168 ,https://www.tripadvisor.com/Restaurant_Review-g298566-d4555354-Reviews-Eggs_n_Things_Shinsaibashi-Osaka_Osaka_Prefecture_Kinki.html
Bangkok,Tsu Japanese Restaurant - at the JW Marriott Hotel Bangkok,$$$$,4.5,974 ,https://www.tripadvisor.com/Restaurant_Review-g293916-d953542-Reviews-Tsu_Japanese_Restaurant_at_the_JW_Marriott_Hotel_Bangkok-Bangkok.html
Bangkok,Nami Teppanyaki Steakhouse - at the JW Marriott Hotel Bangkok,$$$$,5.0,"1,307 ",https://www.tripadvisor.com/Restaurant_Review-g293916-d1906434-Reviews-Nami_Teppanyaki_Steakhouse_at_the_JW_Marriott_Hotel_Bangkok-Bangkok.html
Bangkok,Colonnade,$$$$,4.5,278 ,https://www.tripadvisor.com/Restaurant_Review-g293916-d3245859-Reviews-Colonnade-Bangkok.html
Bangkok,The Reflexions at The Athenee Hotel,$$$$,4.5,660 ,https://www.tripadvisor.com/Restaurant_Review-g293916-d1674188-Reviews-The_Reflexions_at_The_Athenee_Hotel-Bangkok.html
Bangkok,Tealicious Bangkok,$$ - $$$,4.5,"2,290 ",https://www.tripadvisor.com/Restaurant_Review-g293916-d6475518-Reviews-Tealicious_Bangkok-Bangkok.html
Bangkok,PEEPS Thai Eatery,$$ - $$$,4.5,492 ,https://www.tripadvisor.com/Restaurant_Review-g293916-d8415918-Reviews-PEEPS_Thai_Eatery-Bangkok.html
Bangkok,Kurissara Thai Cuisine,$,5.0,204 ,https://www.tripadvisor.com/Restaurant_Review-g293916-d12369367-Reviews-Kurissara_Thai_Cuisine-Bangkok.html
Bangkok,The Sixth,$,5.0,184 ,https://www.tripadvisor.com/Restaurant_Review-g293916-d10637904-Reviews-The_Sixth-Bangkok.html
Bangkok,Goji Kitchen + Bar,$$ - $$$,5.0,798 ,https://www.tripadvisor.com/Restaurant_Review-g293916-d11855830-Reviews-Goji_Kitchen_Bar-Bangkok.html
Bangkok,Riverside Terrace,$$ - $$$,4.5,423 ,https://www.tripadvisor.com/Restaurant_Review-g293916-d2708599-Reviews-Riverside_Terrace-Bangkok.html
Bangkok,Pagoda Chinese Restaurant,$$ - $$$,5.0,281 ,https://www.tripadvisor.com/Restaurant_Review-g293916-d11982661-Reviews-Pagoda_Chinese_Restaurant-Bangkok.html
Bangkok,Flavors,$$ - $$$,4.5,783 ,https://www.tripadvisor.com/Restaurant_Review-g293916-d4004007-Reviews-Flavors-Bangkok.html
Bangkok,Kurissara Thai Cuisine,$,5.0,204 ,https://www.tripadvisor.com/Restaurant_Review-g293916-d12369367-Reviews-Kurissara_Thai_Cuisine-Bangkok.html
Bangkok,The Sixth,$,5.0,184 ,https://www.tripadvisor.com/Restaurant_Review-g293916-d10637904-Reviews-The_Sixth-Bangkok.html
Bangkok,Home Cafe Tha Tien,$,4.5,264 ,https://www.tripadvisor.com/Restaurant_Review-g293916-d9880447-Reviews-Home_Cafe_Tha_Tien-Bangkok.html
Bangkok,Ama,$,4.5,481 ,https://www.tripadvisor.com/Restaurant_Review-g293916-d3743575-Reviews-Ama-Bangkok.html
Bangkok,Tsu Japanese Restaurant - at the JW Marriott Hotel Bangkok,$$$$,4.5,974 ,https://www.tripadvisor.com/Restaurant_Review-g293916-d953542-Reviews-Tsu_Japanese_Restaurant_at_the_JW_Marriott_Hotel_Bangkok-Bangkok.html
Bangkok,Nami Teppanyaki Steakhouse - at the JW Marriott Hotel Bangkok,$$$$,5.0,"1,307 ",https://www.tripadvisor.com/Restaurant_Review-g293916-d1906434-Reviews-Nami_Teppanyaki_Steakhouse_at_the_JW_Marriott_Hotel_Bangkok-Bangkok.html
Bangkok,DID - Dine in the Dark,$$$$,4.5,691 ,https://www.tripadvisor.com/Restaurant_Review-g293916-d7365418-Reviews-DID_Dine_in_the_Dark-Bangkok.html
Bangkok,Marriott Cafe - at the JW Marriott Hotel Bangkok,$$ - $$$,4.5,504 ,https://www.tripadvisor.com/Restaurant_Review-g293916-d797417-Reviews-Marriott_Cafe_at_the_JW_Marriott_Hotel_Bangkok-Bangkok.html
Bangkok,Colonnade,$$$$,4.5,278 ,https://www.tripadvisor.com/Restaurant_Review-g293916-d3245859-Reviews-Colonnade-Bangkok.html
Bangkok,Momo Cafe at Courtyard by Marriott Bangkok,$$ - $$$,4.5,"1,132 ",https://www.tripadvisor.com/Restaurant_Review-g293916-d3713778-Reviews-Momo_Cafe_at_Courtyard_by_Marriott_Bangkok-Bangkok.html
Bangkok,Snooze Coffee House,$$ - $$$,4.5,311 ,https://www.tripadvisor.com/Restaurant_Review-g293916-d9700160-Reviews-Snooze_Coffee_House-Bangkok.html
Bangkok,Konnichipan,$,4.5,189 ,https://www.tripadvisor.com/Restaurant_Review-g293916-d7119491-Reviews-Konnichipan-Bangkok.html
Chiang Mai,David's Kitchen,$$$$,5.0,"3,495 ",https://www.tripadvisor.com/Restaurant_Review-g293917-d5960089-Reviews-David_s_Kitchen-Chiang_Mai.html
Chiang Mai,The Service 1921 Restaurant & Bar,$$$$,4.5,755 ,https://www.tripadvisor.com/Restaurant_Review-g293917-d8006332-Reviews-The_Service_1921_Restaurant_Bar-Chiang_Mai.html
Chiang Mai,Favola at Le Meridien,$$$$,4.5,496 ,https://www.tripadvisor.com/Restaurant_Review-g293917-d1223588-Reviews-Favola_at_Le_Meridien-Chiang_Mai.html
Chiang Mai,Le Grand Lanna,$$$$,4.5,258 ,https://www.tripadvisor.com/Restaurant_Review-g293917-d877488-Reviews-Le_Grand_Lanna-Chiang_Mai.html
Chiang Mai,Tikky Cafe,$,4.5,680 ,https://www.tripadvisor.com/Restaurant_Review-g293917-d4887867-Reviews-Tikky_Cafe-Chiang_Mai.html
Chiang Mai,Cooking Love,$,4.5,"2,705 ",https://www.tripadvisor.com/Restaurant_Review-g293917-d4743352-Reviews-Cooking_Love-Chiang_Mai.html
Chiang Mai,Paak Dang Riverside Dining,$$ - $$$,4.5,"1,180 ",https://www.tripadvisor.com/Restaurant_Review-g293917-d2540161-Reviews-Paak_Dang_Riverside_Dining-Chiang_Mai.html
Chiang Mai,Kat's Kitchen,$,4.5,348 ,https://www.tripadvisor.com/Restaurant_Review-g293917-d8351790-Reviews-Kat_s_Kitchen-Chiang_Mai.html
Chiang Mai,Sababa Israeli Restaurant,$$ - $$$,5.0,"1,207 ",https://www.tripadvisor.com/Restaurant_Review-g293917-d6459327-Reviews-Sababa_Israeli_Restaurant-Chiang_Mai.html
Chiang Mai,The Hideout,$$ - $$$,5.0,"1,235 ",https://www.tripadvisor.com/Restaurant_Review-g293917-d5121428-Reviews-The_Hideout-Chiang_Mai.html
Chiang Mai,Eat Is Life,$$ - $$$,4.5,657 ,https://www.tripadvisor.com/Restaurant_Review-g293917-d10515487-Reviews-Eat_Is_Life-Chiang_Mai.html
Chiang Mai,Tanita Coffee House,$$ - $$$,4.5,355 ,https://www.tripadvisor.com/Restaurant_Review-g293917-d6613140-Reviews-Tanita_Coffee_House-Chiang_Mai.html
Chiang Mai,Rosy-Cheeks,$,5.0,109 ,https://www.tripadvisor.com/Restaurant_Review-g293917-d11872721-Reviews-Rosy_Cheeks-Chiang_Mai.html
Chiang Mai,Tikky Cafe,$,4.5,680 ,https://www.tripadvisor.com/Restaurant_Review-g293917-d4887867-Reviews-Tikky_Cafe-Chiang_Mai.html
Chiang Mai,Bagel House Cafe & Bakery,$,4.5,427 ,https://www.tripadvisor.com/Restaurant_Review-g293917-d3784973-Reviews-Bagel_House_Cafe_Bakery-Chiang_Mai.html
Chiang Mai,Cooking Love,$,4.5,"2,705 ",https://www.tripadvisor.com/Restaurant_Review-g293917-d4743352-Reviews-Cooking_Love-Chiang_Mai.html
Chiang Mai,The Hideout,$$ - $$$,5.0,"1,235 ",https://www.tripadvisor.com/Restaurant_Review-g293917-d5121428-Reviews-The_Hideout-Chiang_Mai.html
Chiang Mai,Tanita Coffee House,$$ - $$$,4.5,355 ,https://www.tripadvisor.com/Restaurant_Review-g293917-d6613140-Reviews-Tanita_Coffee_House-Chiang_Mai.html
Chiang Mai,Taa-Peng-Cat,$,4.5,385 ,https://www.tripadvisor.com/Restaurant_Review-g293917-d3795108-Reviews-Taa_Peng_Cat-Chiang_Mai.html
Chiang Mai,Cafe Arte,$,5.0,126 ,https://www.tripadvisor.com/Restaurant_Review-g293917-d7262599-Reviews-Cafe_Arte-Chiang_Mai.html
Seoul,JW's Grill,$$$$,4.5,126 ,https://www.tripadvisor.com/Restaurant_Review-g294197-d4079291-Reviews-JW_s_Grill-Seoul.html
Seoul,Tavolo 24,$$$$,4.5,251 ,https://www.tripadvisor.com/Restaurant_Review-g294197-d6463317-Reviews-Tavolo_24-Seoul.html
Seoul,Ryunique,$$$$,4.5,102 ,https://www.tripadvisor.com/Restaurant_Review-g294197-d7086482-Reviews-Ryunique-Seoul.html
Seoul,Jungsik,$$$$,4.5,365 ,https://www.tripadvisor.com/Restaurant_Review-g294197-d3200324-Reviews-Jungsik-Seoul.html
Seoul,On The Grill Myeongdong,$$ - $$$,4.5,140 ,https://www.tripadvisor.com/Restaurant_Review-g294197-d11906759-Reviews-On_The_Grill_Myeongdong-Seoul.html
Seoul,Mugyodong Bugeokukjib,$,4.5,554 ,https://www.tripadvisor.com/Restaurant_Review-g294197-d1371740-Reviews-Mugyodong_Bugeokukjib-Seoul.html
Seoul,Tosokchon Samgyetang,$$ - $$$,4.0,"2,160 ",https://www.tripadvisor.com/Restaurant_Review-g294197-d1174982-Reviews-Tosokchon_Samgyetang-Seoul.html
Seoul,Myeongdong Kyoja Main,$$ - $$$,4.0,"2,729 ",https://www.tripadvisor.com/Restaurant_Review-g294197-d1196214-Reviews-Myeongdong_Kyoja_Main-Seoul.html
Seoul,Gusto Taco,$$ - $$$,4.5,972 ,https://www.tripadvisor.com/Restaurant_Review-g294197-d1978666-Reviews-Gusto_Taco-Seoul.html
Seoul,The Griffin Bar,$$ - $$$,5.0,135 ,https://www.tripadvisor.com/Restaurant_Review-g294197-d9565154-Reviews-The_Griffin_Bar-Seoul.html
Seoul,Hemlagat,$$ - $$$,4.5,113 ,https://www.tripadvisor.com/Restaurant_Review-g294197-d6904237-Reviews-Hemlagat-Seoul.html
Seoul,Braai Republic,$$ - $$$,4.5,323 ,https://www.tripadvisor.com/Restaurant_Review-g294197-d2330577-Reviews-Braai_Republic-Seoul.html
Seoul,Casablanca Sandwicherie,$,4.5,151 ,https://www.tripadvisor.com/Restaurant_Review-g294197-d5972615-Reviews-Casablanca_Sandwicherie-Seoul.html
Seoul,Jonny Dumpling,$,4.5,222 ,https://www.tripadvisor.com/Restaurant_Review-g294197-d9171053-Reviews-Jonny_Dumpling-Seoul.html
Seoul,18th Street Saloon,$,5.0,50 ,https://www.tripadvisor.com/Restaurant_Review-g294197-d10486107-Reviews-18th_Street_Saloon-Seoul.html
Seoul,Isaac Toast Myeongdong,$,4.0,550 ,https://www.tripadvisor.com/Restaurant_Review-g294197-d3457929-Reviews-Isaac_Toast_Myeongdong-Seoul.html
Seoul,Tavolo 24,$$$$,4.5,251 ,https://www.tripadvisor.com/Restaurant_Review-g294197-d6463317-Reviews-Tavolo_24-Seoul.html
Seoul,Migabon,$$ - $$$,4.5,480 ,https://www.tripadvisor.com/Restaurant_Review-g294197-d1237999-Reviews-Migabon-Seoul.html
Seoul,The Park View,$$$$,4.5,239 ,https://www.tripadvisor.com/Restaurant_Review-g294197-d3616586-Reviews-The_Park_View-Seoul.html
Seoul,Paris Baguette Gangnam Station,$,4.0,240 ,https://www.tripadvisor.com/Restaurant_Review-g294197-d3329965-Reviews-Paris_Baguette_Gangnam_Station-Seoul.html
Busan,Cabinet,$$$$,4.5,62 ,https://www.tripadvisor.com/Restaurant_Review-g297884-d8055180-Reviews-Cabinet-Busan.html
Busan,Living Room,$$$$,4.5,32 ,https://www.tripadvisor.com/Restaurant_Review-g297884-d6876789-Reviews-Living_Room-Busan.html
Busan,Dining Room,$$$$,4.0,36 ,https://www.tripadvisor.com/Restaurant_Review-g297884-d6876785-Reviews-Dining_Room-Busan.html
Busan,Camellia,$$$$,4.5,35 ,https://www.tripadvisor.com/Restaurant_Review-g297884-d4033983-Reviews-Camellia-Busan.html
Busan,The Party Haeundae,$$ - $$$,4.5,185 ,https://www.tripadvisor.com/Restaurant_Review-g297884-d3957675-Reviews-The_Party_Haeundae-Busan.html
Busan,Songjeong Samdae Gukbop,$,4.0,180 ,https://www.tripadvisor.com/Restaurant_Review-g297884-d4118373-Reviews-Songjeong_Samdae_Gukbop-Busan.html
Busan,Gaemijip,$$ - $$$,4.0,166 ,https://www.tripadvisor.com/Restaurant_Review-g297884-d3600528-Reviews-Gaemijip-Busan.html
Busan,Ssangdoongi Dwaeji Gukbap,$,4.0,154 ,https://www.tripadvisor.com/Restaurant_Review-g297884-d4033847-Reviews-Ssangdoongi_Dwaeji_Gukbap-Busan.html
Busan,Sushi Berry,$$ - $$$,4.5,175 ,https://www.tripadvisor.com/Restaurant_Review-g297884-d5972616-Reviews-Sushi_Berry-Busan.html
Busan,Punjab Indian Restaurant,$$ - $$$,4.5,141 ,https://www.tripadvisor.com/Restaurant_Review-g297884-d6591972-Reviews-Punjab_Indian_Restaurant-Busan.html
Busan,Geumsu Bokkuk Main,$$ - $$$,4.0,140 ,https://www.tripadvisor.com/Restaurant_Review-g297884-d3923205-Reviews-Geumsu_Bokkuk_Main-Busan.html
Busan,Anga,$$ - $$$,4.5,69 ,https://www.tripadvisor.com/Restaurant_Review-g297884-d4033780-Reviews-Anga-Busan.html
Busan,Jang Su Sam,$,5.0,90 ,https://www.tripadvisor.com/Restaurant_Review-g297884-d8472268-Reviews-Jang_Su_Sam-Busan.html
Busan,Bonjeon Dwaeji Gugbap,$,4.0,97 ,https://www.tripadvisor.com/Restaurant_Review-g297884-d2179316-Reviews-Bonjeon_Dwaeji_Gugbap-Busan.html
Busan,Sinchang Toast,$,4.5,80 ,https://www.tripadvisor.com/Restaurant_Review-g297884-d6538724-Reviews-Sinchang_Toast-Busan.html
Busan,Dolgorae Sundubu,$,4.0,95 ,https://www.tripadvisor.com/Restaurant_Review-g297884-d9120080-Reviews-Dolgorae_Sundubu-Busan.html
Busan,Wonjo Jeonbokjuk,$$ - $$$,4.5,58 ,https://www.tripadvisor.com/Restaurant_Review-g297884-d4032630-Reviews-Wonjo_Jeonbokjuk-Busan.html
Busan,Jejuga,$$ - $$$,4.0,190 ,https://www.tripadvisor.com/Restaurant_Review-g297884-d2037648-Reviews-Jejuga-Busan.html
Busan,Check in Busan,$$ - $$$,4.5,31 ,https://www.tripadvisor.com/Restaurant_Review-g297884-d9461500-Reviews-Check_in_Busan-Busan.html
Busan,Seomjingang Jaecheop,$$ - $$$,4.0,50 ,https://www.tripadvisor.com/Restaurant_Review-g297884-d6538745-Reviews-Seomjingang_Jaecheop-Busan.html
Mumbai,JW Cafe,$$$$,5.0,832 ,https://www.tripadvisor.com/Restaurant_Review-g304554-d8025191-Reviews-JW_Cafe-Mumbai_Maharashtra.html
Mumbai,Nawab Saheb,$$$$,5.0,461 ,https://www.tripadvisor.com/Restaurant_Review-g304554-d3268182-Reviews-Nawab_Saheb-Mumbai_Maharashtra.html
Mumbai,Romano's,$$$$,5.0,474 ,https://www.tripadvisor.com/Restaurant_Review-g304554-d8408070-Reviews-Romano_s-Mumbai_Maharashtra.html
Mumbai,Ark Bar,$$$$,5.0,270 ,https://www.tripadvisor.com/Restaurant_Review-g304554-d5998754-Reviews-Ark_Bar-Mumbai_Maharashtra.html
Mumbai,Shree Thaker Bhojanalay,$$ - $$$,4.5,985 ,https://www.tripadvisor.com/Restaurant_Review-g304554-d2431689-Reviews-Shree_Thaker_Bhojanalay-Mumbai_Maharashtra.html
Mumbai,Lake View Cafe,$$$$,4.5,518 ,https://www.tripadvisor.com/Restaurant_Review-g304554-d1957837-Reviews-Lake_View_Cafe-Mumbai_Maharashtra.html
Mumbai,Trishna Restaurant,$$ - $$$,4.5,204 ,https://www.tripadvisor.com/Restaurant_Review-g304554-d5913653-Reviews-Trishna_Restaurant-Mumbai_Maharashtra.html
Mumbai,Mostly Grills,$$$$,4.5,409 ,https://www.tripadvisor.com/Restaurant_Review-g304554-d1139190-Reviews-Mostly_Grills-Mumbai_Maharashtra.html
Mumbai,Boulevard,$$ - $$$,4.5,263 ,https://www.tripadvisor.com/Restaurant_Review-g304554-d801597-Reviews-Boulevard-Mumbai_Maharashtra.html
Mumbai,Mirchi and Mime,$$ - $$$,4.5,642 ,https://www.tripadvisor.com/Restaurant_Review-g304554-d8094901-Reviews-Mirchi_and_Mime-Mumbai_Maharashtra.html
Mumbai,The Bohri Kitchen,$$ - $$$,5.0,101 ,https://www.tripadvisor.com/Restaurant_Review-g304554-d10045932-Reviews-The_Bohri_Kitchen-Mumbai_Maharashtra.html
Mumbai,Burma Burma Restaurant & Tea Room,$$ - $$$,4.5,352 ,https://www.tripadvisor.com/Restaurant_Review-g304554-d6727095-Reviews-Burma_Burma_Restaurant_Tea_Room-Mumbai_Maharashtra.html
Mumbai,Bombay to Barcelona Library Cafe,$,5.0,86 ,https://www.tripadvisor.com/Restaurant_Review-g304554-d10508458-Reviews-Bombay_to_Barcelona_Library_Cafe-Mumbai_Maharashtra.html
Mumbai,Ramashraya Hindu Vishranti Griha Restaurant,$,4.5,250 ,https://www.tripadvisor.com/Restaurant_Review-g304554-d1940602-Reviews-Ramashraya_Hindu_Vishranti_Griha_Restaurant-Mumbai_Maharashtra.html
Mumbai,Prakash Shakahari Upahaar Kendra,$,4.5,148 ,https://www.tripadvisor.com/Restaurant_Review-g304554-d6875614-Reviews-Prakash_Shakahari_Upahaar_Kendra-Mumbai_Maharashtra.html
Mumbai,Cafe Madras,$,4.5,845 ,https://www.tripadvisor.com/Restaurant_Review-g304554-d877577-Reviews-Cafe_Madras-Mumbai_Maharashtra.html
Mumbai,Seasonal Tastes,$$$$,4.5,494 ,https://www.tripadvisor.com/Restaurant_Review-g304554-d2315466-Reviews-Seasonal_Tastes-Mumbai_Maharashtra.html
Mumbai,Seven Kitchens,$$$$,4.5,570 ,https://www.tripadvisor.com/Restaurant_Review-g304554-d3799770-Reviews-Seven_Kitchens-Mumbai_Maharashtra.html
Mumbai,Lake View Cafe,$$$$,4.5,518 ,https://www.tripadvisor.com/Restaurant_Review-g304554-d1957837-Reviews-Lake_View_Cafe-Mumbai_Maharashtra.html
Mumbai,Lotus Cafe,$$$$,4.5,619 ,https://www.tripadvisor.com/Restaurant_Review-g304554-d1138825-Reviews-Lotus_Cafe-Mumbai_Maharashtra.html
Bengaluru,Yataii,$$$$,5.0,137 ,https://www.tripadvisor.com/Restaurant_Review-g297628-d9881107-Reviews-Yataii-Bengaluru_Bangalore_District_Karnataka.html
Bengaluru,Alto Vino,$$$$,4.5,367 ,https://www.tripadvisor.com/Restaurant_Review-g297628-d6216640-Reviews-Alto_Vino-Bengaluru_Bangalore_District_Karnataka.html
Bengaluru,Bene,$$$$,4.5,296 ,https://www.tripadvisor.com/Restaurant_Review-g297628-d2234005-Reviews-Bene-Bengaluru_Bangalore_District_Karnataka.html
Bengaluru,The Raj Pavilion,$$$$,4.5,399 ,https://www.tripadvisor.com/Restaurant_Review-g297628-d5913154-Reviews-The_Raj_Pavilion-Bengaluru_Bangalore_District_Karnataka.html
Bengaluru,Time Traveller,$$ - $$$,4.5,784 ,https://www.tripadvisor.com/Restaurant_Review-g297628-d1389538-Reviews-Time_Traveller-Bengaluru_Bangalore_District_Karnataka.html
Bengaluru,b Cafe,$$$$,4.5,202 ,https://www.tripadvisor.com/Restaurant_Review-g297628-d8762874-Reviews-B_Cafe-Bengaluru_Bangalore_District_Karnataka.html
Bengaluru,Brahmin's Coffee Bar,$,4.5,906 ,https://www.tripadvisor.com/Restaurant_Review-g297628-d785691-Reviews-Brahmin_s_Coffee_Bar-Bengaluru_Bangalore_District_Karnataka.html
Bengaluru,Cubbon Pavilion,$$$$,4.5,296 ,https://www.tripadvisor.com/Restaurant_Review-g297628-d2652641-Reviews-Cubbon_Pavilion-Bengaluru_Bangalore_District_Karnataka.html
Bengaluru,Whitefield Bar and Grill,$$ - $$$,5.0,155 ,https://www.tripadvisor.com/Restaurant_Review-g297628-d10318504-Reviews-Whitefield_Bar_and_Grill-Bengaluru_Bangalore_District_Karnataka.html
Bengaluru,Kava,$$ - $$$,4.5,192 ,https://www.tripadvisor.com/Restaurant_Review-g297628-d6376016-Reviews-Kava-Bengaluru_Bangalore_District_Karnataka.html
Bengaluru,Toit,$$ - $$$,4.5,"1,823 ",https://www.tripadvisor.com/Restaurant_Review-g297628-d2057435-Reviews-Toit-Bengaluru_Bangalore_District_Karnataka.html
Bengaluru,"Barbeque Nation, Bangalore, India",$$ - $$$,4.5,323 ,https://www.tripadvisor.com/Restaurant_Review-g297628-d3972665-Reviews-Barbeque_Nation_Bangalore_India-Bengaluru_Bangalore_District_Karnataka.html
Bengaluru,Taaza Thindi,$,4.5,188 ,https://www.tripadvisor.com/Restaurant_Review-g297628-d7243749-Reviews-Taaza_Thindi-Bengaluru_Bangalore_District_Karnataka.html
Bengaluru,Brahmin's Coffee Bar,$,4.5,906 ,https://www.tripadvisor.com/Restaurant_Review-g297628-d785691-Reviews-Brahmin_s_Coffee_Bar-Bengaluru_Bangalore_District_Karnataka.html
Bengaluru,Shri Sagar (C.T.R),$,4.5,556 ,https://www.tripadvisor.com/Restaurant_Review-g297628-d850324-Reviews-Shri_Sagar_C_T_R-Bengaluru_Bangalore_District_Karnataka.html
Bengaluru,Veena Store,$,4.5,277 ,https://www.tripadvisor.com/Restaurant_Review-g297628-d850372-Reviews-Veena_Store-Bengaluru_Bangalore_District_Karnataka.html
Bengaluru,JW Kitchen,$$$$,4.5,329 ,https://www.tripadvisor.com/Restaurant_Review-g297628-d4870813-Reviews-JW_Kitchen-Bengaluru_Bangalore_District_Karnataka.html
Bengaluru,Citrus at the Leela Palace Bangalore,$$$$,4.5,354 ,https://www.tripadvisor.com/Restaurant_Review-g297628-d2323087-Reviews-Citrus_at_the_Leela_Palace_Bangalore-Bengaluru_Bangalore_District_Karnataka.html
Bengaluru,Le Jardin,$$$$,4.5,253 ,https://www.tripadvisor.com/Restaurant_Review-g297628-d1379241-Reviews-Le_Jardin-Bengaluru_Bangalore_District_Karnataka.html
Bengaluru,My Place,$$$$,4.5,117 ,https://www.tripadvisor.com/Restaurant_Review-g297628-d5238107-Reviews-My_Place-Bengaluru_Bangalore_District_Karnataka.html
New Delhi,Dvar Indian Restaurant,$$$$,4.5,290 ,https://www.tripadvisor.com/Restaurant_Review-g304551-d5964281-Reviews-Dvar_Indian_Restaurant-New_Delhi_National_Capital_Territory_of_Delhi.html
New Delhi,Sorrento,$$$$,5.0,276 ,https://www.tripadvisor.com/Restaurant_Review-g304551-d9796435-Reviews-Sorrento-New_Delhi_National_Capital_Territory_of_Delhi.html
New Delhi,Jamavar,$$$$,4.5,197 ,https://www.tripadvisor.com/Restaurant_Review-g304551-d2468775-Reviews-Jamavar-New_Delhi_National_Capital_Territory_of_Delhi.html
New Delhi,"Grappa, New Delhi",$$$$,5.0,236 ,https://www.tripadvisor.com/Restaurant_Review-g304551-d10050171-Reviews-Grappa_New_Delhi-New_Delhi_National_Capital_Territory_of_Delhi.html
New Delhi,K3,$$$$,4.5,801 ,https://www.tripadvisor.com/Restaurant_Review-g304551-d6352484-Reviews-K3-New_Delhi_National_Capital_Territory_of_Delhi.html
New Delhi,Masala House,$$ - $$$,4.5,158 ,https://www.tripadvisor.com/Restaurant_Review-g304551-d8589908-Reviews-Masala_House-New_Delhi_National_Capital_Territory_of_Delhi.html
New Delhi,Gulati,$$ - $$$,4.5,"1,712 ",https://www.tripadvisor.com/Restaurant_Review-g304551-d790553-Reviews-Gulati-New_Delhi_National_Capital_Territory_of_Delhi.html
New Delhi,Varq,$$$$,4.5,451 ,https://www.tripadvisor.com/Restaurant_Review-g304551-d1418883-Reviews-Varq-New_Delhi_National_Capital_Territory_of_Delhi.html
New Delhi,Cafe Lota,$$ - $$$,4.5,525 ,https://www.tripadvisor.com/Restaurant_Review-g304551-d5001898-Reviews-Cafe_Lota-New_Delhi_National_Capital_Territory_of_Delhi.html
New Delhi,Coast Cafe,$$ - $$$,4.5,149 ,https://www.tripadvisor.com/Restaurant_Review-g304551-d5907635-Reviews-Coast_Cafe-New_Delhi_National_Capital_Territory_of_Delhi.html
New Delhi,Zing,$$ - $$$,4.5,237 ,https://www.tripadvisor.com/Restaurant_Review-g304551-d1140988-Reviews-Zing-New_Delhi_National_Capital_Territory_of_Delhi.html
New Delhi,Carnatic Cafe,$$ - $$$,4.5,266 ,https://www.tripadvisor.com/Restaurant_Review-g304551-d3361676-Reviews-Carnatic_Cafe-New_Delhi_National_Capital_Territory_of_Delhi.html
New Delhi,Night Out Kitchen Cafe Roof Top,$,5.0,62 ,https://www.tripadvisor.com/Restaurant_Review-g304551-d13202630-Reviews-Night_Out_Kitchen_Cafe_Roof_Top-New_Delhi_National_Capital_Territory_of_Delhi.html
New Delhi,The Exotic Roof Top Restaurant,$,4.5,243 ,https://www.tripadvisor.com/Restaurant_Review-g304551-d6279929-Reviews-The_Exotic_Roof_Top_Restaurant-New_Delhi_National_Capital_Territory_of_Delhi.html
New Delhi,Tadka 4986,$,4.5,234 ,https://www.tripadvisor.com/Restaurant_Review-g304551-d1494695-Reviews-Tadka_4986-New_Delhi_National_Capital_Territory_of_Delhi.html
New Delhi,Andhra Pradesh Bhavan,$,4.0,721 ,https://www.tripadvisor.com/Restaurant_Review-g304551-d808457-Reviews-Andhra_Pradesh_Bhavan-New_Delhi_National_Capital_Territory_of_Delhi.html
New Delhi,The One,$$$$,4.5,181 ,https://www.tripadvisor.com/Restaurant_Review-g304551-d3296297-Reviews-The_One-New_Delhi_National_Capital_Territory_of_Delhi.html
New Delhi,AnnaMaya,$$$$,4.5,169 ,https://www.tripadvisor.com/Restaurant_Review-g304551-d11928132-Reviews-AnnaMaya-New_Delhi_National_Capital_Territory_of_Delhi.html
New Delhi,K3,$$$$,4.5,801 ,https://www.tripadvisor.com/Restaurant_Review-g304551-d6352484-Reviews-K3-New_Delhi_National_Capital_Territory_of_Delhi.html
New Delhi,Delhi Pavilion,$$$$,4.5,140 ,https://www.tripadvisor.com/Restaurant_Review-g304551-d8624810-Reviews-Delhi_Pavilion-New_Delhi_National_Capital_Territory_of_Delhi.html
Singapore,Chef's Table by Chef Stephan Zoisl,$$$$,4.5,150 ,https://www.tripadvisor.com/Restaurant_Review-g294265-d8582472-Reviews-Chef_s_Table_by_Chef_Stephan_Zoisl-Singapore.html
Singapore,Fratini La Trattoria,$$$$,4.5,881 ,https://www.tripadvisor.com/Restaurant_Review-g294265-d4930299-Reviews-Fratini_La_Trattoria-Singapore.html
Singapore,Colony,$$$$,4.5,"1,172 ",https://www.tripadvisor.com/Restaurant_Review-g294265-d8571637-Reviews-Colony-Singapore.html
Singapore,Alma By Juan Amador,$$$$,4.5,278 ,https://www.tripadvisor.com/Restaurant_Review-g294265-d8504143-Reviews-Alma_By_Juan_Amador-Singapore.html
Singapore,Old Airport Rd Food Centre,$,4.5,504 ,https://www.tripadvisor.com/Restaurant_Review-g294265-d1146830-Reviews-Old_Airport_Rd_Food_Centre-Singapore.html
Singapore,The National Kitchen by Violet Oon at the National Gallery,$$ - $$$,4.5,748 ,https://www.tripadvisor.com/Restaurant_Review-g294265-d9596660-Reviews-The_National_Kitchen_by_Violet_Oon_at_the_National_Gallery-Singapore.html
Singapore,Coriander Leaf,$$ - $$$,4.5,362 ,https://www.tripadvisor.com/Restaurant_Review-g294265-d1145037-Reviews-Coriander_Leaf-Singapore.html
Singapore,Lau Pa Sat,$,4.0,"1,664 ",https://www.tripadvisor.com/Restaurant_Review-g294265-d5791814-Reviews-Lau_Pa_Sat-Singapore.html
Singapore,Entre-Nous creperie,$$ - $$$,4.5,561 ,https://www.tripadvisor.com/Restaurant_Review-g294265-d1193730-Reviews-Entre_Nous_creperie-Singapore.html
Singapore,Positano Risto,$$ - $$$,4.5,126 ,https://www.tripadvisor.com/Restaurant_Review-g294265-d13152787-Reviews-Positano_Risto-Singapore.html
Singapore,BAKALAKI Greek Taverna,$$ - $$$,4.5,397 ,https://www.tripadvisor.com/Restaurant_Review-g294265-d12489846-Reviews-BAKALAKI_Greek_Taverna-Singapore.html
Singapore,PerBacco,$$ - $$$,4.5,203 ,https://www.tripadvisor.com/Restaurant_Review-g294265-d8287484-Reviews-PerBacco-Singapore.html
Singapore,Tiong Bahru Food Centre,$,4.5,324 ,https://www.tripadvisor.com/Restaurant_Review-g294265-d3470146-Reviews-Tiong_Bahru_Food_Centre-Singapore.html
Singapore,Zam Zam,$,4.0,"1,101 ",https://www.tripadvisor.com/Restaurant_Review-g294265-d1147215-Reviews-Zam_Zam-Singapore.html
Singapore,Lau Pa Sat,$,4.0,"1,664 ",https://www.tripadvisor.com/Restaurant_Review-g294265-d5791814-Reviews-Lau_Pa_Sat-Singapore.html
Singapore,East Coast Lagoon Food Village,$,4.0,168 ,https://www.tripadvisor.com/Restaurant_Review-g294265-d2338675-Reviews-East_Coast_Lagoon_Food_Village-Singapore.html
Singapore,Marriott Cafe,$$ - $$$,4.5,902 ,https://www.tripadvisor.com/Restaurant_Review-g294265-d1028554-Reviews-Marriott_Cafe-Singapore.html
Singapore,"Dolce Vita at Mandarin Oriental, Singapore",$$$$,4.5,459 ,https://www.tripadvisor.com/Restaurant_Review-g294265-d948962-Reviews-Dolce_Vita_at_Mandarin_Oriental_Singapore-Singapore.html
Singapore,Jaan,$$$$,4.5,602 ,https://www.tripadvisor.com/Restaurant_Review-g294265-d807776-Reviews-Jaan-Singapore.html
Singapore,"Melt Cafe at Mandarin Oriental, Singapore",$$$$,4.5,693 ,https://www.tripadvisor.com/Restaurant_Review-g294265-d785219-Reviews-Melt_Cafe_at_Mandarin_Oriental_Singapore-Singapore.html
Singapore,Tolido's Espresso Nook,$$ - $$$,4.5,163 ,https://www.tripadvisor.com/Restaurant_Review-g294265-d5860878-Reviews-Tolido_s_Espresso_Nook-Singapore.html
Singapore,Colony,$$$$,4.5,"1,172 ",https://www.tripadvisor.com/Restaurant_Review-g294265-d8571637-Reviews-Colony-Singapore.html
Singapore,SweetSpot,$$ - $$$,4.5,199 ,https://www.tripadvisor.com/Restaurant_Review-g294265-d3803103-Reviews-SweetSpot-Singapore.html
Singapore,Tiong Bahru Bakery,$$ - $$$,4.5,471 ,https://www.tripadvisor.com/Restaurant_Review-g294265-d3543833-Reviews-Tiong_Bahru_Bakery-Singapore.html
Kuala,Qureshi Malaysia,$$$$,4.5,124 ,https://www.tripadvisor.com/Restaurant_Review-g298570-d7247738-Reviews-Qureshi_Malaysia-Kuala_Lumpur_Wilayah_Persekutuan.html
Kuala,Skillet At 163,$$$$,4.5,663 ,https://www.tripadvisor.com/Restaurant_Review-g298570-d3522178-Reviews-Skillet_At_163-Kuala_Lumpur_Wilayah_Persekutuan.html
Kuala,"Mosaic at Mandarin Oriental, Kuala Lumpur",$$$$,4.5,544 ,https://www.tripadvisor.com/Restaurant_Review-g298570-d3461900-Reviews-Mosaic_at_Mandarin_Oriental_Kuala_Lumpur-Kuala_Lumpur_Wilayah_Persekutuan.html
Kuala,Iketeru Restaurant,$$$$,4.5,336 ,https://www.tripadvisor.com/Restaurant_Review-g298570-d796300-Reviews-Iketeru_Restaurant-Kuala_Lumpur_Wilayah_Persekutuan.html
Kuala,Opium KL,$$ - $$$,4.5,"1,244 ",https://www.tripadvisor.com/Restaurant_Review-g298570-d6863950-Reviews-Opium_KL-Kuala_Lumpur_Wilayah_Persekutuan.html
Kuala,Vin's Restaurant and Bar,$$ - $$$,4.5,333 ,https://www.tripadvisor.com/Restaurant_Review-g298570-d1935181-Reviews-Vin_s_Restaurant_and_Bar-Kuala_Lumpur_Wilayah_Persekutuan.html
Kuala,Manja,$$ - $$$,4.5,430 ,https://www.tripadvisor.com/Restaurant_Review-g298570-d8609458-Reviews-Manja-Kuala_Lumpur_Wilayah_Persekutuan.html
Kuala,Tg's Nasi Kandar,$,4.5,700 ,https://www.tripadvisor.com/Restaurant_Review-g298570-d3470466-Reviews-Tg_s_Nasi_Kandar-Kuala_Lumpur_Wilayah_Persekutuan.html
Kuala,Healy Mac's,$$ - $$$,5.0,90 ,https://www.tripadvisor.com/Restaurant_Review-g298570-d12254502-Reviews-Healy_Mac_s-Kuala_Lumpur_Wilayah_Persekutuan.html
Kuala,Dining In The Dark KL,$$ - $$$,4.5,"1,481 ",https://www.tripadvisor.com/Restaurant_Review-g298570-d3677326-Reviews-Dining_In_The_Dark_KL-Kuala_Lumpur_Wilayah_Persekutuan.html
Kuala,Naughty Nuri's Life Centre,$$ - $$$,4.5,"1,188 ",https://www.tripadvisor.com/Restaurant_Review-g298570-d10263957-Reviews-Naughty_Nuri_s_Life_Centre-Kuala_Lumpur_Wilayah_Persekutuan.html
Kuala,The Steakhouse,$$ - $$$,4.5,"1,009 ",https://www.tripadvisor.com/Restaurant_Review-g298570-d3870396-Reviews-The_Steakhouse-Kuala_Lumpur_Wilayah_Persekutuan.html
Kuala,Burger on 16,$,4.5,225 ,https://www.tripadvisor.com/Restaurant_Review-g298570-d12349569-Reviews-Burger_on_16-Kuala_Lumpur_Wilayah_Persekutuan.html
Kuala,Tg's Nasi Kandar,$,4.5,700 ,https://www.tripadvisor.com/Restaurant_Review-g298570-d3470466-Reviews-Tg_s_Nasi_Kandar-Kuala_Lumpur_Wilayah_Persekutuan.html
Kuala,FS Nasi Kandar Corner,$,4.5,85 ,https://www.tripadvisor.com/Restaurant_Review-g298570-d12032654-Reviews-FS_Nasi_Kandar_Corner-Kuala_Lumpur_Wilayah_Persekutuan.html
Kuala,Restoran Nagasari Curry House,$,4.5,212 ,https://www.tripadvisor.com/Restaurant_Review-g298570-d1165547-Reviews-Restoran_Nagasari_Curry_House-Kuala_Lumpur_Wilayah_Persekutuan.html
Kuala,"Mosaic at Mandarin Oriental, Kuala Lumpur",$$$$,4.5,544 ,https://www.tripadvisor.com/Restaurant_Review-g298570-d3461900-Reviews-Mosaic_at_Mandarin_Oriental_Kuala_Lumpur-Kuala_Lumpur_Wilayah_Persekutuan.html
Kuala,"AQUA Restaurant & Bar at Mandarin Oriental, Kuala Lumpur",$$ - $$$,4.5,85 ,https://www.tripadvisor.com/Restaurant_Review-g298570-d8401491-Reviews-AQUA_Restaurant_Bar_at_Mandarin_Oriental_Kuala_Lumpur-Kuala_Lumpur_Wilayah_Persek.html
Kuala,Contango,$$ - $$$,4.0,279 ,https://www.tripadvisor.com/Restaurant_Review-g298570-d3723317-Reviews-Contango-Kuala_Lumpur_Wilayah_Persekutuan.html
Kuala,Serena Brasserie,$$ - $$$,4.0,151 ,https://www.tripadvisor.com/Restaurant_Review-g298570-d3721180-Reviews-Serena_Brasserie-Kuala_Lumpur_Wilayah_Persekutuan.html
Kuala,LOKL Coffee Co.,$$ - $$$,4.5,380 ,https://www.tripadvisor.com/Restaurant_Review-g298570-d3187280-Reviews-LOKL_Coffee_Co-Kuala_Lumpur_Wilayah_Persekutuan.html
Kuala,Antipodean Cafe - Tan & Tan,$$ - $$$,4.5,169 ,https://www.tripadvisor.com/Restaurant_Review-g298570-d3608512-Reviews-Antipodean_Cafe_Tan_Tan-Kuala_Lumpur_Wilayah_Persekutuan.html
Kuala,Lucy In The Sky Cafe,$$ - $$$,4.5,203 ,https://www.tripadvisor.com/Restaurant_Review-g298570-d5960857-Reviews-Lucy_In_The_Sky_Cafe-Kuala_Lumpur_Wilayah_Persekutuan.html
Kuala,VCR,$$ - $$$,4.5,338 ,https://www.tripadvisor.com/Restaurant_Review-g298570-d5431913-Reviews-VCR-Kuala_Lumpur_Wilayah_Persekutuan.html
Kathmandu,Dwarika's Hotel,$$$$,4.5,317 ,https://www.tripadvisor.com/Restaurant_Review-g293890-d1155247-Reviews-Dwarika_s_Hotel-Kathmandu_Kathmandu_Valley_Bagmati_Zone_Central_Region.html
Kathmandu,Krishnarpan Restaurant,$$$$,4.5,168 ,https://www.tripadvisor.com/Restaurant_Review-g293890-d1155271-Reviews-Krishnarpan_Restaurant-Kathmandu_Kathmandu_Valley_Bagmati_Zone_Central_Region.html
Kathmandu,The Old House,$$$$,4.5,119 ,https://www.tripadvisor.com/Restaurant_Review-g293890-d7247464-Reviews-The_Old_House-Kathmandu_Kathmandu_Valley_Bagmati_Zone_Central_Region.html
Kathmandu,Le Sherpa,$$$$,4.5,134 ,https://www.tripadvisor.com/Restaurant_Review-g293890-d2519132-Reviews-Le_Sherpa-Kathmandu_Kathmandu_Valley_Bagmati_Zone_Central_Region.html
Kathmandu,Western Kitchen,$,5.0,329 ,https://www.tripadvisor.com/Restaurant_Review-g293890-d12170588-Reviews-Western_Kitchen-Kathmandu_Kathmandu_Valley_Bagmati_Zone_Central_Region.html
Kathmandu,Sarangi Vegetarian Restaurant,$$ - $$$,4.5,224 ,https://www.tripadvisor.com/Restaurant_Review-g293890-d7181862-Reviews-Sarangi_Vegetarian_Restaurant-Kathmandu_Kathmandu_Valley_Bagmati_Zone_Central_Reg.html
Kathmandu,Western Tandoori,$,4.5,291 ,https://www.tripadvisor.com/Restaurant_Review-g293890-d4327738-Reviews-Western_Tandoori-Kathmandu_Kathmandu_Valley_Bagmati_Zone_Central_Region.html
Kathmandu,Yangling Tibetan Restaurant,$,4.5,582 ,https://www.tripadvisor.com/Restaurant_Review-g293890-d1514099-Reviews-Yangling_Tibetan_Restaurant-Kathmandu_Kathmandu_Valley_Bagmati_Zone_Central_Regio.html
Kathmandu,Forest and Plate,$$ - $$$,5.0,160 ,https://www.tripadvisor.com/Restaurant_Review-g293890-d12506732-Reviews-Forest_and_Plate-Kathmandu_Kathmandu_Valley_Bagmati_Zone_Central_Region.html
Kathmandu,Kathmandu Steak House Restaurant,$$ - $$$,4.5,509 ,https://www.tripadvisor.com/Restaurant_Review-g293890-d10437030-Reviews-Kathmandu_Steak_House_Restaurant-Kathmandu_Kathmandu_Valley_Bagmati_Zone_Central.html
Kathmandu,Mahaaja,$$ - $$$,4.5,147 ,https://www.tripadvisor.com/Restaurant_Review-g293890-d4242170-Reviews-Mahaaja-Kathmandu_Kathmandu_Valley_Bagmati_Zone_Central_Region.html
Kathmandu,Nirvana Cafe & Restaurant,$$ - $$$,5.0,87 ,https://www.tripadvisor.com/Restaurant_Review-g293890-d4555464-Reviews-Nirvana_Cafe_Restaurant-Kathmandu_Kathmandu_Valley_Bagmati_Zone_Central_Region.html
Kathmandu,Thamel Doner Kebab,$,5.0,342 ,https://www.tripadvisor.com/Restaurant_Review-g293890-d12067637-Reviews-Thamel_Doner_Kebab-Kathmandu_Kathmandu_Valley_Bagmati_Zone_Central_Region.html
Kathmandu,Melrose Restaurant & Bar,$,5.0,108 ,https://www.tripadvisor.com/Restaurant_Review-g293890-d12905831-Reviews-Melrose_Restaurant_Bar-Kathmandu_Kathmandu_Valley_Bagmati_Zone_Central_Region.html
Kathmandu,Fusion Kitchen Restaurant,$,4.5,94 ,https://www.tripadvisor.com/Restaurant_Review-g293890-d11810896-Reviews-Fusion_Kitchen_Restaurant-Kathmandu_Kathmandu_Valley_Bagmati_Zone_Central_Region.html
Kathmandu,Western Tandoori,$,4.5,291 ,https://www.tripadvisor.com/Restaurant_Review-g293890-d4327738-Reviews-Western_Tandoori-Kathmandu_Kathmandu_Valley_Bagmati_Zone_Central_Region.html
Kathmandu,French Bakery kathmandu,$$ - $$$,4.5,215 ,https://www.tripadvisor.com/Restaurant_Review-g293890-d7856617-Reviews-French_Bakery_kathmandu-Kathmandu_Kathmandu_Valley_Bagmati_Zone_Central_Region.html
Kathmandu,Sum Cafe,$$ - $$$,4.5,144 ,https://www.tripadvisor.com/Restaurant_Review-g293890-d7283356-Reviews-Sum_Cafe-Kathmandu_Kathmandu_Valley_Bagmati_Zone_Central_Region.html
Kathmandu,Revolution Cafe & Restaurant,$$ - $$$,4.5,436 ,https://www.tripadvisor.com/Restaurant_Review-g293890-d3583714-Reviews-Revolution_Cafe_Restaurant-Kathmandu_Kathmandu_Valley_Bagmati_Zone_Central_Region.html
Kathmandu,Rosemary Kitchen & Coffee Shop,$$ - $$$,4.5,"1,349 ",https://www.tripadvisor.com/Restaurant_Review-g293890-d4090661-Reviews-Rosemary_Kitchen_Coffee_Shop-Kathmandu_Kathmandu_Valley_Bagmati_Zone_Central_Regi.html
Colombo,The Lagoon,$$$$,4.5,"1,411 ",https://www.tripadvisor.com/Restaurant_Review-g293962-d1007094-Reviews-The_Lagoon-Colombo_Western_Province.html
Colombo,The London Grill,$$$$,4.5,263 ,https://www.tripadvisor.com/Restaurant_Review-g293962-d2458789-Reviews-The_London_Grill-Colombo_Western_Province.html
Colombo,Tintagel Colombo - Paradise Road,$$$$,4.5,227 ,https://www.tripadvisor.com/Restaurant_Review-g293962-d2667381-Reviews-Tintagel_Colombo_Paradise_Road-Colombo_Western_Province.html
Colombo,Paradise Road the Gallery Cafe,$$$$,4.5,"1,933 ",https://www.tripadvisor.com/Restaurant_Review-g293962-d802748-Reviews-Paradise_Road_the_Gallery_Cafe-Colombo_Western_Province.html
Colombo,Nuga Gama at Cinnamon Grand Colombo,$$ - $$$,4.5,646 ,https://www.tripadvisor.com/Restaurant_Review-g293962-d3267177-Reviews-Nuga_Gama_at_Cinnamon_Grand_Colombo-Colombo_Western_Province.html
Colombo,Seafood Cove,$$ - $$$,4.5,319 ,https://www.tripadvisor.com/Restaurant_Review-g293962-d1133608-Reviews-Seafood_Cove-Colombo_Western_Province.html
Colombo,Isso,$$ - $$$,4.5,228 ,https://www.tripadvisor.com/Restaurant_Review-g293962-d10157533-Reviews-Isso-Colombo_Western_Province.html
Colombo,Upali's,$$ - $$$,4.0,890 ,https://www.tripadvisor.com/Restaurant_Review-g293962-d5986538-Reviews-Upali_s-Colombo_Western_Province.html
Colombo,Tao,$$ - $$$,4.5,269 ,https://www.tripadvisor.com/Restaurant_Review-g293962-d6495691-Reviews-Tao-Colombo_Western_Province.html
Colombo,Breeze Bar,$$ - $$$,4.5,146 ,https://www.tripadvisor.com/Restaurant_Review-g293962-d3443384-Reviews-Breeze_Bar-Colombo_Western_Province.html
Colombo,Table One,$$ - $$$,4.5,174 ,https://www.tripadvisor.com/Restaurant_Review-g293962-d13148338-Reviews-Table_One-Colombo_Western_Province.html
Colombo,Ikoi Tei,$$ - $$$,4.5,336 ,https://www.tripadvisor.com/Restaurant_Review-g293962-d9561665-Reviews-Ikoi_Tei-Colombo_Western_Province.html
Colombo,Momo's by Ruvi,$,4.5,44 ,https://www.tripadvisor.com/Restaurant_Review-g293962-d12332905-Reviews-Momo_s_by_Ruvi-Colombo_Western_Province.html
Colombo,Burgers king,$,4.0,235 ,https://www.tripadvisor.com/Restaurant_Review-g293962-d2388764-Reviews-Burgers_king-Colombo_Western_Province.html
Colombo,Hotel De Pilawoos,$,4.0,229 ,https://www.tripadvisor.com/Restaurant_Review-g293962-d1051312-Reviews-Hotel_De_Pilawoos-Colombo_Western_Province.html
Colombo,Curry Pot,$,4.5,42 ,https://www.tripadvisor.com/Restaurant_Review-g293962-d9765787-Reviews-Curry_Pot-Colombo_Western_Province.html
Colombo,Table One,$$ - $$$,4.5,174 ,https://www.tripadvisor.com/Restaurant_Review-g293962-d13148338-Reviews-Table_One-Colombo_Western_Province.html
Colombo,Graze Kitchen,$$ - $$$,4.5,220 ,https://www.tripadvisor.com/Restaurant_Review-g293962-d11667290-Reviews-Graze_Kitchen-Colombo_Western_Province.html
Colombo,The Dining room at Cinnamon Lakeside Colombo,$$ - $$$,4.5,209 ,https://www.tripadvisor.com/Restaurant_Review-g293962-d2424872-Reviews-The_Dining_room_at_Cinnamon_Lakeside_Colombo-Colombo_Western_Province.html
Colombo,Taprobane,$$ - $$$,4.5,381 ,https://www.tripadvisor.com/Restaurant_Review-g293962-d2432178-Reviews-Taprobane-Colombo_Western_Province.html
Ho Chi Minh City,Noir.,$$ - $$$,5.0,"1,594 ",https://www.tripadvisor.com/Restaurant_Review-g293925-d7157553-Reviews-Noir-Ho_Chi_Minh_City.html
Ho Chi Minh City,La Villa French Restaurant,$$$$,4.5,965 ,https://www.tripadvisor.com/Restaurant_Review-g293925-d2034882-Reviews-La_Villa_French_Restaurant-Ho_Chi_Minh_City.html
Ho Chi Minh City,R&J Italian Lounge & Restaurant,$$$$,4.5,199 ,https://www.tripadvisor.com/Restaurant_Review-g293925-d7146387-Reviews-R_J_Italian_Lounge_Restaurant-Ho_Chi_Minh_City.html
Ho Chi Minh City,Trois Gourmands,$$$$,4.5,714 ,https://www.tripadvisor.com/Restaurant_Review-g293925-d1832810-Reviews-Trois_Gourmands-Ho_Chi_Minh_City.html
Ho Chi Minh City,Home Finest Saigon Restaurant,$$ - $$$,5.0,413 ,https://www.tripadvisor.com/Restaurant_Review-g293925-d12856245-Reviews-Home_Finest_Saigon_Restaurant-Ho_Chi_Minh_City.html
Ho Chi Minh City,Den Long - Home Cooked Vietnamese Restaurant,$$ - $$$,4.5,720 ,https://www.tripadvisor.com/Restaurant_Review-g293925-d11962759-Reviews-Den_Long_Home_Cooked_Vietnamese_Restaurant-Ho_Chi_Minh_City.html
Ho Chi Minh City,Bun Cha 145 Bui Vien,$,4.5,"1,806 ",https://www.tripadvisor.com/Restaurant_Review-g293925-d7844724-Reviews-Bun_Cha_145_Bui_Vien-Ho_Chi_Minh_City.html
Ho Chi Minh City,26 De Tham Restaurant,$,4.5,184 ,https://www.tripadvisor.com/Restaurant_Review-g293925-d10744326-Reviews-26_De_Tham_Restaurant-Ho_Chi_Minh_City.html
Ho Chi Minh City,Mam Vietnamese Restaurant,$$ - $$$,5.0,225 ,https://www.tripadvisor.com/Restaurant_Review-g293925-d13276558-Reviews-Mam_Vietnamese_Restaurant-Ho_Chi_Minh_City.html
Ho Chi Minh City,La Creperie,$$ - $$$,4.5,333 ,https://www.tripadvisor.com/Restaurant_Review-g293925-d2468834-Reviews-La_Creperie-Ho_Chi_Minh_City.html
Ho Chi Minh City,B3 Steakhouse & Craft beer,$$ - $$$,4.5,461 ,https://www.tripadvisor.com/Restaurant_Review-g293925-d10317597-Reviews-B3_Steakhouse_Craft_beer-Ho_Chi_Minh_City.html
Ho Chi Minh City,"Hum Vegetarian, Cafe & Restaurant",$$ - $$$,4.5,"1,751 ",https://www.tripadvisor.com/Restaurant_Review-g293925-d3682545-Reviews-Hum_Vegetarian_Cafe_Restaurant-Ho_Chi_Minh_City.html
Ho Chi Minh City,Poke Saigon,$,5.0,225 ,https://www.tripadvisor.com/Restaurant_Review-g293925-d12130500-Reviews-Poke_Saigon-Ho_Chi_Minh_City.html
Ho Chi Minh City,King Kebab,$,5.0,423 ,https://www.tripadvisor.com/Restaurant_Review-g293925-d12847465-Reviews-King_Kebab-Ho_Chi_Minh_City.html
Ho Chi Minh City,Nonla Guys,$,4.5,486 ,https://www.tripadvisor.com/Restaurant_Review-g293925-d12518988-Reviews-Nonla_Guys-Ho_Chi_Minh_City.html
Ho Chi Minh City,Bun Cha 145 Bui Vien,$,4.5,"1,806 ",https://www.tripadvisor.com/Restaurant_Review-g293925-d7844724-Reviews-Bun_Cha_145_Bui_Vien-Ho_Chi_Minh_City.html
Ho Chi Minh City,The Vintage Emporium,$$ - $$$,4.5,216 ,https://www.tripadvisor.com/Restaurant_Review-g293925-d6864663-Reviews-The_Vintage_Emporium-Ho_Chi_Minh_City.html
Ho Chi Minh City,The Note Coffee,$,4.5,194 ,https://www.tripadvisor.com/Restaurant_Review-g293925-d12338492-Reviews-The_Note_Coffee-Ho_Chi_Minh_City.html
Ho Chi Minh City,The Hungry Pig,$,4.5,368 ,https://www.tripadvisor.com/Restaurant_Review-g293925-d4680274-Reviews-The_Hungry_Pig-Ho_Chi_Minh_City.html
Ho Chi Minh City,Goc Ha Noi,$,5.0,173 ,https://www.tripadvisor.com/Restaurant_Review-g293925-d11827161-Reviews-Goc_Ha_Noi-Ho_Chi_Minh_City.html
Hanoi,Red Bean Central Restaurant,$$$$,5.0,100 ,https://www.tripadvisor.com/Restaurant_Review-g293924-d13108653-Reviews-Red_Bean_Central_Restaurant-Hanoi.html
Hanoi,French Grill,$$$$,5.0,720 ,https://www.tripadvisor.com/Restaurant_Review-g293924-d5259465-Reviews-French_Grill-Hanoi.html
Hanoi,Marvel Restaurant,$$$$,4.5,333 ,https://www.tripadvisor.com/Restaurant_Review-g293924-d12231278-Reviews-Marvel_Restaurant-Hanoi.html
Hanoi,Grill 63,$$$$,5.0,182 ,https://www.tripadvisor.com/Restaurant_Review-g293924-d7275987-Reviews-Grill_63-Hanoi.html
Hanoi,Duong's Restaurant & Cooking Class,$$ - $$$,5.0,"1,216 ",https://www.tripadvisor.com/Restaurant_Review-g293924-d11729286-Reviews-Duong_s_Restaurant_Cooking_Class-Hanoi.html
Hanoi,The Hung Snake Restaurant,$$ - $$$,5.0,539 ,https://www.tripadvisor.com/Restaurant_Review-g293924-d4587353-Reviews-The_Hung_Snake_Restaurant-Hanoi.html
Hanoi,Hong Hoai's Restaurant,$,5.0,593 ,https://www.tripadvisor.com/Restaurant_Review-g293924-d12793763-Reviews-Hong_Hoai_s_Restaurant-Hanoi.html
Hanoi,Duong's 2 Restaurant & Cooking Class,$$ - $$$,5.0,369 ,https://www.tripadvisor.com/Restaurant_Review-g293924-d12593669-Reviews-Duong_s_2_Restaurant_Cooking_Class-Hanoi.html
Hanoi,JW Cafe,$$ - $$$,5.0,"1,011 ",https://www.tripadvisor.com/Restaurant_Review-g293924-d5498587-Reviews-JW_Cafe-Hanoi.html
Hanoi,Serene Cuisine Restaurant,$$ - $$$,5.0,70 ,https://www.tripadvisor.com/Restaurant_Review-g293924-d12586476-Reviews-Serene_Cuisine_Restaurant-Hanoi.html
Hanoi,Red Bean Restaurant,$$ - $$$,4.5,"1,789 ",https://www.tripadvisor.com/Restaurant_Review-g293924-d7350728-Reviews-Red_Bean_Restaurant-Hanoi.html
Hanoi,Gia Ngu Restaurant,$$ - $$$,4.5,"1,212 ",https://www.tripadvisor.com/Restaurant_Review-g293924-d7103885-Reviews-Gia_Ngu_Restaurant-Hanoi.html
Hanoi,Hong Hoai's Restaurant,$,5.0,593 ,https://www.tripadvisor.com/Restaurant_Review-g293924-d12793763-Reviews-Hong_Hoai_s_Restaurant-Hanoi.html
Hanoi,Kebab & Co,$,5.0,295 ,https://www.tripadvisor.com/Restaurant_Review-g293924-d12907802-Reviews-Kebab_Co-Hanoi.html
Hanoi,Garden House Restaurant,$,4.5,602 ,https://www.tripadvisor.com/Restaurant_Review-g293924-d12357613-Reviews-Garden_House_Restaurant-Hanoi.html
Hanoi,Green Farm Restaurant,$,4.5,736 ,https://www.tripadvisor.com/Restaurant_Review-g293924-d12504250-Reviews-Green_Farm_Restaurant-Hanoi.html
Hanoi,Emm's Cafe Bistro,$$ - $$$,5.0,124 ,https://www.tripadvisor.com/Restaurant_Review-g293924-d10375733-Reviews-Emm_s_Cafe_Bistro-Hanoi.html
Hanoi,Red Bean Central Restaurant,$$$$,5.0,100 ,https://www.tripadvisor.com/Restaurant_Review-g293924-d13108653-Reviews-Red_Bean_Central_Restaurant-Hanoi.html
Hanoi,S'Patisserie,$$ - $$$,5.0,783 ,https://www.tripadvisor.com/Restaurant_Review-g293924-d9982375-Reviews-S_Patisserie-Hanoi.html
Hanoi,Thang Long Deli Restaurant,$$ - $$$,5.0,218 ,https://www.tripadvisor.com/Restaurant_Review-g293924-d11864760-Reviews-Thang_Long_Deli_Restaurant-Hanoi.html
